GeneColumn,GeneSymbol,Class,GlobalMean,GlobalMedian,GlobalStd,Q25,Q75,ClassMean,ClassMedian,ClassZMean
LYPLAL1 (127018),LYPLAL1,Bone,4.71051726,4.86752100,1.09258843,4.44985200,5.27467900,4.66555095,4.62090870,-0.04115576
SOX17 (64321),SOX17,Bone,0.36648495,0.00000000,1.24090767,0.00000000,0.03106201,0.39805537,0.00000000,0.02544139
HOXA9 (3205),HOXA9,Bone,1.88537353,0.84417510,2.13032865,0.16674887,3.29450150,2.64469276,3.29646040,0.35643290
LGSN (51557),LGSN,Bone,0.40139557,0.02081295,0.90285804,0.00000000,0.16066982,0.06843508,0.01149707,-0.36878498
TMEM101 (84336),TMEM101,Bone,4.79333092,4.97467140,1.09750255,4.56881050,5.32815800,5.09640003,5.10949000,0.27614433
RANBP17 (64901),RANBP17,Bone,2.27760018,2.68102200,1.37180836,1.22634210,3.28352620,1.61195933,1.60299840,-0.48522874
ELOVL5 (60481),ELOVL5,Bone,6.35346724,6.67406500,1.54781237,6.12671700,7.19303230,6.88795661,6.86911870,0.34531922
LRRN4 (164312),LRRN4,Bone,0.40881245,0.06661966,0.91755133,0.01939876,0.31749856,0.10669907,0.01877089,-0.32926046
TFPT (29844),TFPT,Bone,4.28305255,4.30066540,0.80433224,3.74660300,4.80569000,4.44763568,4.40882730,0.20462082
INA (9118),INA,Bone,1.50446762,0.15926103,2.11988863,0.02103761,2.93104200,2.23771350,1.80716120,0.34588886
CCL28 (56477),CCL28,Bone,2.04631124,1.97959000,1.73652083,0.21946532,3.49595100,2.10575440,1.92844240,0.03423118
PAX8 (7849),PAX8,Bone,1.83889306,1.42740770,1.80849891,0.40858904,2.55489090,1.27843511,1.19292010,-0.30990229
GRIN2B (2904),GRIN2B,Bone,0.16501718,0.00539568,0.37385967,0.00075145,0.09275545,0.02853990,0.00000000,-0.36504946
FOXG1 (2290),FOXG1,Bone,1.21060278,0.05898002,1.89434834,0.00725866,2.13046960,0.44560368,0.01923790,-0.40383232
FOXA1 (3169),FOXA1,Bone,2.56728848,2.10744700,2.27271226,0.33617026,4.43600850,0.84485136,0.33841413,-0.75787734
ALPL (249),ALPL,Bone,0.94167941,0.26752620,1.53626373,0.08171321,1.07423830,3.60831257,3.57620760,1.73579125
HOXC10 (3226),HOXC10,Bone,2.99456466,3.33762400,2.15559145,0.65459040,4.97774200,4.56304548,4.78876920,0.72763362
KLHL14 (57565),KLHL14,Bone,0.50504073,0.02260644,1.16595634,0.00000000,0.19158918,0.13923895,0.00908484,-0.31373540
KCNJ16 (3773),KCNJ16,Bone,0.24340308,0.01850314,0.81471680,0.00000000,0.06330689,0.05507559,0.00000000,-0.23115699
RAPGEF3 (10411),RAPGEF3,Bone,1.67323597,1.27217260,1.44649935,0.62440790,2.20550510,1.02450657,0.88938785,-0.44848232
MARVELD1 (83742),MARVELD1,Bone,4.28904992,4.43210400,1.28343877,3.60456940,5.18298240,4.98970354,5.00491480,0.54591900
FEZ1 (9638),FEZ1,Bone,2.45908386,1.78678870,2.23173923,0.41256260,4.20273900,3.54345165,3.82099580,0.48588463
CALML5 (51806),CALML5,Bone,0.57379355,0.00000000,1.74029013,0.00000000,0.09948777,0.04354153,0.00000000,-0.30469173
CLDN16 (10686),CLDN16,Bone,0.66574274,0.16066208,1.42892677,0.03506361,0.57728330,0.31100387,0.09089813,-0.24825546
SERPINA3 (12),SERPINA3,Bone,1.76471819,0.51336545,2.65401693,0.14868425,2.18882180,0.47089180,0.26614606,-0.48749741
HOXD8 (3234),HOXD8,Bone,1.94622044,1.88650730,1.69670505,0.20149711,3.29872420,3.56510096,3.59910350,0.95413196
ZDHHC23 (254887),ZDHHC23,Bone,2.45856015,2.47266980,1.12530045,1.62752280,3.31451820,1.31399914,1.13091110,-1.01711592
TIMMDC1 (51300),TIMMDC1,Bone,6.25792600,6.24570470,0.60440761,5.85699800,6.59990260,6.09833584,6.11817070,-0.26404394
TBX15 (6913),TBX15,Bone,0.77209435,0.15933597,1.18638661,0.05175770,0.99677414,2.21937232,2.18626600,1.21990415
DYNC2H1 (79659),DYNC2H1,Bone,2.76060012,2.88158040,1.25443514,1.95151320,3.64093330,3.44866054,3.48577450,0.54850218
NTNG1 (22854),NTNG1,Bone,1.06795260,0.18602380,1.52955793,0.03138531,1.57261810,3.11978901,3.59520530,1.34145714
IL1R2 (7850),IL1R2,Bone,0.92068455,0.27355290,1.38858001,0.07397374,1.09176750,0.41221373,0.07693118,-0.36618043
MGP (4256),MGP,Bone,2.17753303,0.70520560,2.81529979,0.22911535,3.43112830,2.78641592,1.48101470,0.21627639
TNF (7124),TNF,Bone,0.35391599,0.06979702,0.80389037,0.02145699,0.27337742,0.20336106,0.06291332,-0.18728291
ZNF331 (55422),ZNF331,Bone,2.88950977,3.15185070,1.46901431,2.32947090,3.80884840,3.16885760,3.20814420,0.19016004
DNAH14 (127602),DNAH14,Bone,3.33866744,3.76368780,1.54846964,2.94320490,4.36954300,2.90842959,3.14130850,-0.27784713
CYP4B1 (1580),CYP4B1,Bone,0.56166836,0.04347190,1.14963368,0.00000000,0.54532490,0.01996003,0.00000000,-0.47120081
DCAF12L1 (139170),DCAF12L1,Bone,0.14193338,0.00000000,0.59184034,0.00000000,0.00865468,0.23409443,0.00000000,0.15571945
LRRC17 (10234),LRRC17,Bone,1.49946286,0.55962000,1.97366574,0.22482687,1.98131930,3.57292037,3.88901600,1.05056163
SHANK1 (50944),SHANK1,Bone,0.77465129,0.15556403,1.26535870,0.01595708,0.98850584,2.63528346,1.97546150,1.47043850
MARCHF6 (10299),MARCHF6,Bone,6.69796290,6.65928200,0.79360480,6.14840300,7.18656000,6.31068973,6.29877400,-0.48799247
ALDH2 (217),ALDH2,Bone,3.86686934,4.21095750,2.21671839,2.24720140,5.52498800,4.01687351,4.26698880,0.06766948
CDH4 (1002),CDH4,Bone,0.71195112,0.14999938,1.16273009,0.03258190,0.77052546,0.83034412,0.21026042,0.10182329
IFFO1 (25900),IFFO1,Bone,1.67413889,0.61588990,1.76602962,0.19542949,3.40564400,3.15506425,3.21981430,0.83856201
CBR3 (874),CBR3,Bone,3.32129026,3.52358700,1.58814080,2.16099430,4.49994800,4.08408484,4.10209560,0.48030664
SYCP2 (10388),SYCP2,Bone,1.78780029,1.19942430,1.68058893,0.47392610,2.59054680,1.29679809,1.09136130,-0.29216079
SHANK2 (22941),SHANK2,Bone,1.46431524,1.19540430,1.42342200,0.09694862,2.56966610,0.68981250,0.26582690,-0.54411323
CPAMD8 (27151),CPAMD8,Bone,0.70949244,0.26911455,1.03299211,0.08746827,0.80575967,0.61817401,0.34004378,-0.08840187
TRPV1 (7442),TRPV1,Bone,1.55601876,1.52615390,0.75287791,0.99249870,2.05755780,0.93039691,0.84736360,-0.83097382
TCEAL7 (56849),TCEAL7,Bone,0.76114671,0.04796269,1.72510131,0.00000000,0.25756827,1.42780471,0.32226506,0.38644571
SSC5D (284297),SSC5D,Bone,0.84106399,0.26663545,1.20884005,0.07493147,1.06662650,1.06547514,0.34273335,0.18564172
PLAAT2 (54979),PLAAT2,Bone,0.72571059,0.18635476,1.13303484,0.00000000,1.01128800,0.17477042,0.00000000,-0.48625173
LDHB (3945),LDHB,Bone,9.47942335,9.95865800,2.04976819,9.30967400,10.56613900,10.07248885,10.12645900,0.28933296
SYT8 (90019),SYT8,Bone,0.91804557,0.28215864,1.37679917,0.03842775,1.24946360,0.11926261,0.00000000,-0.58017391
TRPS1 (7227),TRPS1,Bone,2.36546429,2.28803970,1.63047536,1.14920080,3.27327420,2.82741291,2.79707740,0.28332143
APOBEC3G (60489),APOBEC3G,Bone,1.81170537,1.11798080,1.76015360,0.23641670,3.28593040,1.99724606,2.01036800,0.10541164
SEMA3F (6405),SEMA3F,Bone,2.63498404,2.39279000,1.75229642,1.14343260,3.97395100,2.54969145,2.71119300,-0.04867475
TOP6BL (79703),TOP6BL,Bone,3.72731574,3.68312380,0.91649827,3.10622260,4.31933600,3.14017350,3.04011560,-0.64063648
CRIPTO (6997),CRIPTO,Bone,0.38529459,0.00000000,1.20582723,0.00000000,0.03991605,0.01291891,0.00000000,-0.30881346
LY6G6D (58530),LY6G6D,Bone,0.36406714,0.00000000,1.15712691,0.00000000,0.11554602,0.34155060,0.00000000,-0.01945901
PPP1R13B (23368),PPP1R13B,Bone,2.97096244,2.92891600,0.95266592,2.29788400,3.69896300,2.18877320,2.10825680,-0.82105302
FFAR4 (338557),FFAR4,Bone,0.33090152,0.02833858,0.72049140,0.00000000,0.23767017,0.01516427,0.00000000,-0.43822487
CRYAB (1410),CRYAB,Bone,2.77946188,1.35958860,3.02974870,0.46060207,4.70514300,3.62691191,2.58712240,0.27970967
SLC20A1 (6574),SLC20A1,Bone,6.16722969,6.13897400,1.08947529,5.36986800,6.80348540,5.86566206,5.83936260,-0.27680079
AMN (81693),AMN,Bone,1.05613597,0.44628057,1.37651887,0.11066391,1.45792000,0.61664922,0.15220548,-0.31927404
MSC (9242),MSC,Bone,1.60862260,0.42649233,2.02362558,0.04500394,3.12077830,3.52726164,3.72709270,0.94811958
ZBED2 (79413),ZBED2,Bone,0.94683765,0.08000404,1.68042585,0.01719504,1.00006500,0.07962597,0.02360738,-0.51606661
SMIM29 (221491),SMIM29,Bone,4.81238774,4.72694000,0.93981521,4.16924330,5.50571000,4.91447914,4.76292300,0.10862923
HOXB8 (3218),HOXB8,Bone,1.76743230,1.14210630,1.83241578,0.21833357,2.80729940,1.26618201,1.12334170,-0.27354615
ABLIM1 (3983),ABLIM1,Bone,4.07281215,4.32445760,1.74670754,2.95995740,5.37191440,3.79303672,4.01336400,-0.16017302
STK33 (65975),STK33,Bone,1.57308443,1.16509510,1.53662845,0.09083040,2.93130680,1.00718053,0.48312286,-0.36827634
ARHGEF40 (55701),ARHGEF40,Bone,3.31382349,3.48416400,1.40371965,2.33055260,4.37330000,4.25801084,4.45823760,0.67263242
ZG16B (124220),ZG16B,Bone,1.52709329,0.62945080,1.87727372,0.13587236,2.41954700,0.45506645,0.18026246,-0.57105515
GYG2 (8908),GYG2,Bone,1.86969861,1.45154610,1.79646695,0.25027400,2.93835740,3.82385012,3.95463370,1.08777482
LIFR (3977),LIFR,Bone,2.52362313,2.65774970,1.68370309,1.08818910,3.67300220,3.76716865,3.51979350,0.73857768
EDA2R (60401),EDA2R,Bone,0.92379128,0.07957678,1.36836761,0.01384955,1.69069860,1.07914318,0.36159770,0.11353082
IL24 (11009),IL24,Bone,0.82998000,0.12745896,1.65164900,0.02772026,0.66852040,1.04358957,0.22808477,0.12933109
EGFLAM (133584),EGFLAM,Bone,0.95652778,0.11118626,1.69869009,0.01561603,0.77837850,3.64425030,4.19771600,1.58223241
CACNA2D1 (781),CACNA2D1,Bone,2.16082831,2.17623330,1.84517369,0.18795520,3.58927200,3.38908983,3.51354120,0.66566173
PDGFRA (5156),PDGFRA,Bone,1.17397493,0.25239265,1.91806948,0.05655301,1.26155480,2.83143054,2.33922300,0.86412699
ALX4 (60529),ALX4,Bone,0.55035024,0.06938184,0.99319676,0.01259156,0.61425567,2.15842526,2.18728000,1.61909006
FBXO34 (55030),FBXO34,Bone,4.08394603,4.03242730,0.63149958,3.63156990,4.48085300,3.90615332,3.87375430,-0.28154050
MEGF10 (84466),MEGF10,Bone,0.48251050,0.10180066,0.90981753,0.01134106,0.38185260,0.54369222,0.18001543,0.06724614
PLBD1 (79887),PLBD1,Bone,2.53850410,2.02325530,2.30559547,0.32315212,4.47331300,1.44818075,0.43812140,-0.47290314
MPIG6B (80739),MPIG6B,Bone,0.23578608,0.11181656,0.33732712,0.01069249,0.31544915,0.06889275,0.00000000,-0.49475219
RHOJ (57381),RHOJ,Bone,1.16578934,0.11572978,1.74068101,0.00729598,2.03239370,1.76638054,1.60323580,0.34503231
LPAR6 (10161),LPAR6,Bone,1.56882315,1.10301410,1.59580576,0.12971823,2.75121100,1.49524280,1.12310990,-0.04610859
PIEZO2 (63895),PIEZO2,Bone,1.09731113,0.19458888,1.57484099,0.03553383,1.78314650,2.24487737,2.37727380,0.72868706
NES (10763),NES,Bone,2.62597634,2.06029990,2.24897654,0.60303736,4.42879250,2.60147483,1.87799940,-0.01089451
VSTM4 (196740),VSTM4,Bone,0.51524758,0.02806837,0.92543263,0.00351445,0.56939680,1.66049083,1.42175920,1.23752199
SLC43A3 (29015),SLC43A3,Bone,3.77334737,4.15590300,2.68569259,0.64724725,6.20369430,4.57352316,5.06120160,0.29794020
URAD (646625),URAD,Bone,0.10583533,0.00000000,0.48862585,0.00000000,0.00000000,0.02344464,0.00000000,-0.16861714
PXK (54899),PXK,Bone,3.32868676,3.21653560,1.05735577,2.56976820,4.01270300,3.93327235,3.89281850,0.57179012
TRIB2 (28951),TRIB2,Bone,3.88761409,3.88982400,2.17994665,2.27867170,5.66515700,4.50249545,4.45719400,0.28206257
TMEM62 (80021),TMEM62,Bone,3.60602178,3.66047240,1.02127913,3.10931700,4.23906950,2.18614259,2.71187380,-1.39029492
AZGP1 (563),AZGP1,Bone,2.11882567,0.67035270,2.66655780,0.17978619,3.65260120,0.27370113,0.12861939,-0.69194995
SUSD3 (203328),SUSD3,Bone,0.92984259,0.28436488,1.34958671,0.06146654,1.28568040,0.47359224,0.07636618,-0.33806671
PYM1 (84305),PYM1,Bone,4.82269038,4.81174850,0.58444721,4.42878600,5.26301570,4.44477381,4.46129940,-0.64662225
CORO2B (10391),CORO2B,Bone,1.19606684,0.54131263,1.37545653,0.08299410,1.96595050,1.54739050,1.29501770,0.25542330
GUCA2A (2980),GUCA2A,Bone,0.24556503,0.00000000,0.85097724,0.00000000,0.00000000,0.00931722,0.00000000,-0.27761942
BCL2L13 (23786),BCL2L13,Bone,5.30728528,5.27940460,0.77111664,4.76277900,5.79177240,5.08372314,5.07034200,-0.28992000
ADPRHL1 (113622),ADPRHL1,Bone,1.96312086,1.90662520,1.16962783,0.97177935,2.77836630,1.43402326,1.31015980,-0.45236407
XG (7499),XG,Bone,0.55816368,0.05445121,1.25649780,0.00000000,0.32575250,2.64719947,1.90931220,1.66258610
EPB41L3 (23136),EPB41L3,Bone,2.08505129,0.73136747,2.29290828,0.14065040,4.29145600,2.48585708,2.32749490,0.17480237
IRX5 (10265),IRX5,Bone,1.71305520,1.45977780,1.27790127,0.78219130,2.40735270,2.19759854,2.24825240,0.37917118
PROS1 (5627),PROS1,Bone,3.09462713,3.15819480,1.94304029,1.45495500,4.60446900,3.19966805,3.05902980,0.05406008
ALX1 (8092),ALX1,Bone,1.19328700,0.22591160,1.57943644,0.00000000,2.22236560,1.91110325,1.84503640,0.45447619
RUBCNL (80183),RUBCNL,Bone,1.10978431,0.43089542,1.49291542,0.09936658,1.45252170,1.95984473,1.26317870,0.56939623
RHOH (399),RHOH,Bone,0.55713060,0.09999265,1.26642682,0.02016151,0.32394415,2.37329213,0.42208117,1.43408327
ABCB1 (5243),ABCB1,Bone,1.18226651,0.32060250,1.78122308,0.07518484,1.47133310,0.96499825,0.17392182,-0.12197700
INKA1 (389119),INKA1,Bone,1.21045397,0.97520316,1.03164174,0.38228430,1.79071370,2.27922596,1.86792020,1.03599140
FCMR (9214),FCMR,Bone,1.68438530,1.31338510,1.53766907,0.45058048,2.57200200,1.21445681,0.82662620,-0.30561094
CCDC106 (29903),CCDC106,Bone,3.19521719,3.40623040,1.29904842,2.45587830,4.07424830,4.07636298,4.12066700,0.67830095
SNCA (6622),SNCA,Bone,2.56815304,1.79748200,2.58049631,0.18418634,4.51618530,2.19788172,1.89117800,-0.14348841
GFRA2 (2675),GFRA2,Bone,0.35645641,0.02416363,0.97619723,0.00000000,0.11635145,1.81569363,0.63231105,1.49481802
CPEB1 (64506),CPEB1,Bone,1.46270582,0.99221810,1.46759501,0.06798834,2.77650400,2.32623879,2.74687390,0.58840003
LYPLAL1 (127018),LYPLAL1,Bowel,4.71051726,4.86752100,1.09258843,4.44985200,5.27467900,4.75779580,4.85399600,0.04327205
SOX17 (64321),SOX17,Bowel,0.36648495,0.00000000,1.24090767,0.00000000,0.03106201,0.01189896,0.00000000,-0.28574728
HOXA9 (3205),HOXA9,Bowel,1.88537353,0.84417510,2.13032865,0.16674887,3.29450150,4.79107855,5.44520400,1.36397030
LGSN (51557),LGSN,Bowel,0.40139557,0.02081295,0.90285804,0.00000000,0.16066982,0.07142988,0.00482064,-0.36546796
TMEM101 (84336),TMEM101,Bowel,4.79333092,4.97467140,1.09750255,4.56881050,5.32815800,4.87230330,4.82380000,0.07195644
RANBP17 (64901),RANBP17,Bowel,2.27760018,2.68102200,1.37180836,1.22634210,3.28352620,2.13019536,2.20252420,-0.10745292
ELOVL5 (60481),ELOVL5,Bowel,6.35346724,6.67406500,1.54781237,6.12671700,7.19303230,5.05668103,5.80563000,-0.83781874
LRRN4 (164312),LRRN4,Bowel,0.40881245,0.06661966,0.91755133,0.01939876,0.31749856,0.52788827,0.22357330,0.12977566
TFPT (29844),TFPT,Bowel,4.28305255,4.30066540,0.80433224,3.74660300,4.80569000,3.57740439,3.41971680,-0.87730929
INA (9118),INA,Bowel,1.50446762,0.15926103,2.11988863,0.02103761,2.93104200,0.21279672,0.03142343,-0.60931074
CCL28 (56477),CCL28,Bowel,2.04631124,1.97959000,1.73652083,0.21946532,3.49595100,1.72733606,1.61555280,-0.18368635
PAX8 (7849),PAX8,Bowel,1.83889306,1.42740770,1.80849891,0.40858904,2.55489090,1.88076639,1.79452400,0.02315364
GRIN2B (2904),GRIN2B,Bowel,0.16501718,0.00539568,0.37385967,0.00075145,0.09275545,0.67371047,0.53528460,1.36065302
FOXG1 (2290),FOXG1,Bowel,1.21060278,0.05898002,1.89434834,0.00725866,2.13046960,0.15091141,0.01816127,-0.55939625
FOXA1 (3169),FOXA1,Bowel,2.56728848,2.10744700,2.27271226,0.33617026,4.43600850,3.38505171,3.62952000,0.35981819
ALPL (249),ALPL,Bowel,0.94167941,0.26752620,1.53626373,0.08171321,1.07423830,0.25006005,0.08446843,-0.45019572
HOXC10 (3226),HOXC10,Bowel,2.99456466,3.33762400,2.15559145,0.65459040,4.97774200,0.76680638,0.30210024,-1.03347890
KLHL14 (57565),KLHL14,Bowel,0.50504073,0.02260644,1.16595634,0.00000000,0.19158918,0.08726690,0.00920669,-0.35831001
KCNJ16 (3773),KCNJ16,Bowel,0.24340308,0.01850314,0.81471680,0.00000000,0.06330689,0.08657014,0.00799486,-0.19249995
RAPGEF3 (10411),RAPGEF3,Bowel,1.67323597,1.27217260,1.44649935,0.62440790,2.20550510,1.44460909,1.07105550,-0.15805529
MARVELD1 (83742),MARVELD1,Bowel,4.28904992,4.43210400,1.28343877,3.60456940,5.18298240,3.84740286,3.88612080,-0.34411230
FEZ1 (9638),FEZ1,Bowel,2.45908386,1.78678870,2.23173923,0.41256260,4.20273900,0.52050414,0.33251890,-0.86864078
CALML5 (51806),CALML5,Bowel,0.57379355,0.00000000,1.74029013,0.00000000,0.09948777,0.27193213,0.02434238,-0.17345465
CLDN16 (10686),CLDN16,Bowel,0.66574274,0.16066208,1.42892677,0.03506361,0.57728330,0.54287871,0.38230980,-0.08598344
SERPINA3 (12),SERPINA3,Bowel,1.76471819,0.51336545,2.65401693,0.14868425,2.18882180,0.64027697,0.38110393,-0.42367523
HOXD8 (3234),HOXD8,Bowel,1.94622044,1.88650730,1.69670505,0.20149711,3.29872420,0.90933122,0.23187228,-0.61111931
ZDHHC23 (254887),ZDHHC23,Bowel,2.45856015,2.47266980,1.12530045,1.62752280,3.31451820,3.28412872,3.46525620,0.73364279
TIMMDC1 (51300),TIMMDC1,Bowel,6.25792600,6.24570470,0.60440761,5.85699800,6.59990260,5.95003086,5.90952350,-0.50941637
TBX15 (6913),TBX15,Bowel,0.77209435,0.15933597,1.18638661,0.05175770,0.99677414,0.15776131,0.08768958,-0.51781858
DYNC2H1 (79659),DYNC2H1,Bowel,2.76060012,2.88158040,1.25443514,1.95151320,3.64093330,1.01193425,0.75203010,-1.39398666
NTNG1 (22854),NTNG1,Bowel,1.06795260,0.18602380,1.52955793,0.03138531,1.57261810,0.10213173,0.01334505,-0.63143791
IL1R2 (7850),IL1R2,Bowel,0.92068455,0.27355290,1.38858001,0.07397374,1.09176750,2.38894310,2.19302100,1.05738130
MGP (4256),MGP,Bowel,2.17753303,0.70520560,2.81529979,0.22911535,3.43112830,0.57138647,0.35175723,-0.57050640
TNF (7124),TNF,Bowel,0.35391599,0.06979702,0.80389037,0.02145699,0.27337742,0.28094000,0.07674925,-0.09077854
ZNF331 (55422),ZNF331,Bowel,2.88950977,3.15185070,1.46901431,2.32947090,3.80884840,1.13173824,0.25047535,-1.19656528
DNAH14 (127602),DNAH14,Bowel,3.33866744,3.76368780,1.54846964,2.94320490,4.36954300,2.80674455,3.24927100,-0.34351522
CYP4B1 (1580),CYP4B1,Bowel,0.56166836,0.04347190,1.14963368,0.00000000,0.54532490,0.42336763,0.16711639,-0.12029982
DCAF12L1 (139170),DCAF12L1,Bowel,0.14193338,0.00000000,0.59184034,0.00000000,0.00865468,0.00302012,0.00000000,-0.23471407
LRRC17 (10234),LRRC17,Bowel,1.49946286,0.55962000,1.97366574,0.22482687,1.98131930,0.38767724,0.24590206,-0.56330998
SHANK1 (50944),SHANK1,Bowel,0.77465129,0.15556403,1.26535870,0.01595708,0.98850584,0.20776196,0.07729223,-0.44800682
MARCHF6 (10299),MARCHF6,Bowel,6.69796290,6.65928200,0.79360480,6.14840300,7.18656000,6.53650917,6.63104630,-0.20344349
ALDH2 (217),ALDH2,Bowel,3.86686934,4.21095750,2.21671839,2.24720140,5.52498800,6.02960018,6.60587360,0.97564528
CDH4 (1002),CDH4,Bowel,0.71195112,0.14999938,1.16273009,0.03258190,0.77052546,0.15596727,0.07599668,-0.47817103
IFFO1 (25900),IFFO1,Bowel,1.67413889,0.61588990,1.76602962,0.19542949,3.40564400,0.39949682,0.30337396,-0.72175577
CBR3 (874),CBR3,Bowel,3.32129026,3.52358700,1.58814080,2.16099430,4.49994800,2.08598373,2.01551900,-0.77783187
SYCP2 (10388),SYCP2,Bowel,1.78780029,1.19942430,1.68058893,0.47392610,2.59054680,0.92460302,0.45666423,-0.51362784
SHANK2 (22941),SHANK2,Bowel,1.46431524,1.19540430,1.42342200,0.09694862,2.56966610,1.83661571,1.78992530,0.26155312
CPAMD8 (27151),CPAMD8,Bowel,0.70949244,0.26911455,1.03299211,0.08746827,0.80575967,0.25864852,0.13849340,-0.43644468
TRPV1 (7442),TRPV1,Bowel,1.55601876,1.52615390,0.75287791,0.99249870,2.05755780,1.38989670,1.33495720,-0.22064940
TCEAL7 (56849),TCEAL7,Bowel,0.76114671,0.04796269,1.72510131,0.00000000,0.25756827,0.04155896,0.00000000,-0.41712782
SSC5D (284297),SSC5D,Bowel,0.84106399,0.26663545,1.20884005,0.07493147,1.06662650,0.13785405,0.04687936,-0.58172290
PLAAT2 (54979),PLAAT2,Bowel,0.72571059,0.18635476,1.13303484,0.00000000,1.01128800,1.15045286,0.94664250,0.37487133
LDHB (3945),LDHB,Bowel,9.47942335,9.95865800,2.04976819,9.30967400,10.56613900,9.47278416,10.08836500,-0.00323899
SYT8 (90019),SYT8,Bowel,0.91804557,0.28215864,1.37679917,0.03842775,1.24946360,1.50183817,1.31569960,0.42402161
TRPS1 (7227),TRPS1,Bowel,2.36546429,2.28803970,1.63047536,1.14920080,3.27327420,0.93061074,0.31918090,-0.88002161
APOBEC3G (60489),APOBEC3G,Bowel,1.81170537,1.11798080,1.76015360,0.23641670,3.28593040,1.45020565,0.41532060,-0.20537964
SEMA3F (6405),SEMA3F,Bowel,2.63498404,2.39279000,1.75229642,1.14343260,3.97395100,2.44595898,2.37344500,-0.10787277
TOP6BL (79703),TOP6BL,Bowel,3.72731574,3.68312380,0.91649827,3.10622260,4.31933600,3.71014172,3.63482550,-0.01873873
CRIPTO (6997),CRIPTO,Bowel,0.38529459,0.00000000,1.20582723,0.00000000,0.03991605,2.54552185,2.34803700,1.79148985
LY6G6D (58530),LY6G6D,Bowel,0.36406714,0.00000000,1.15712691,0.00000000,0.11554602,2.40455041,1.47049520,1.76340489
PPP1R13B (23368),PPP1R13B,Bowel,2.97096244,2.92891600,0.95266592,2.29788400,3.69896300,3.17910741,3.19100670,0.21848684
FFAR4 (338557),FFAR4,Bowel,0.33090152,0.02833858,0.72049140,0.00000000,0.23767017,1.31851554,1.03651030,1.37075056
CRYAB (1410),CRYAB,Bowel,2.77946188,1.35958860,3.02974870,0.46060207,4.70514300,1.14400716,0.62277390,-0.53979880
SLC20A1 (6574),SLC20A1,Bowel,6.16722969,6.13897400,1.08947529,5.36986800,6.80348540,5.42141190,5.24700830,-0.68456603
AMN (81693),AMN,Bowel,1.05613597,0.44628057,1.37651887,0.11066391,1.45792000,3.04964691,3.00831650,1.44822637
MSC (9242),MSC,Bowel,1.60862260,0.42649233,2.02362558,0.04500394,3.12077830,0.18925151,0.01800455,-0.70140005
ZBED2 (79413),ZBED2,Bowel,0.94683765,0.08000404,1.68042585,0.01719504,1.00006500,1.76090150,0.46014282,0.48443902
SMIM29 (221491),SMIM29,Bowel,4.81238774,4.72694000,0.93981521,4.16924330,5.50571000,4.27770124,4.38214830,-0.56892726
HOXB8 (3218),HOXB8,Bowel,1.76743230,1.14210630,1.83241578,0.21833357,2.80729940,4.16961042,4.64814330,1.31093507
ABLIM1 (3983),ABLIM1,Bowel,4.07281215,4.32445760,1.74670754,2.95995740,5.37191440,5.70196934,5.67202900,0.93270176
STK33 (65975),STK33,Bowel,1.57308443,1.16509510,1.53662845,0.09083040,2.93130680,0.92256854,0.28275412,-0.42333974
ARHGEF40 (55701),ARHGEF40,Bowel,3.31382349,3.48416400,1.40371965,2.33055260,4.37330000,2.37445321,2.20514540,-0.66920078
ZG16B (124220),ZG16B,Bowel,1.52709329,0.62945080,1.87727372,0.13587236,2.41954700,2.81217865,2.83201100,0.68454873
GYG2 (8908),GYG2,Bowel,1.86969861,1.45154610,1.79646695,0.25027400,2.93835740,1.71059405,1.51900840,-0.08856526
LIFR (3977),LIFR,Bowel,2.52362313,2.65774970,1.68370309,1.08818910,3.67300220,0.37125455,0.05653636,-1.27835399
EDA2R (60401),EDA2R,Bowel,0.92379128,0.07957678,1.36836761,0.01384955,1.69069860,0.19540958,0.03295986,-0.53229972
IL24 (11009),IL24,Bowel,0.82998000,0.12745896,1.65164900,0.02772026,0.66852040,0.14651575,0.05051841,-0.41380719
EGFLAM (133584),EGFLAM,Bowel,0.95652778,0.11118626,1.69869009,0.01561603,0.77837850,0.16052658,0.03166056,-0.46859707
CACNA2D1 (781),CACNA2D1,Bowel,2.16082831,2.17623330,1.84517369,0.18795520,3.58927200,0.35817717,0.08563133,-0.97695471
PDGFRA (5156),PDGFRA,Bowel,1.17397493,0.25239265,1.91806948,0.05655301,1.26155480,0.23825323,0.03694355,-0.48784557
ALX4 (60529),ALX4,Bowel,0.55035024,0.06938184,0.99319676,0.01259156,0.61425567,0.05041273,0.01066241,-0.50336199
FBXO34 (55030),FBXO34,Bowel,4.08394603,4.03242730,0.63149958,3.63156990,4.48085300,4.54258543,4.45639230,0.72627032
MEGF10 (84466),MEGF10,Bowel,0.48251050,0.10180066,0.90981753,0.01134106,0.38185260,0.08324935,0.01214957,-0.43883650
PLBD1 (79887),PLBD1,Bowel,2.53850410,2.02325530,2.30559547,0.32315212,4.47331300,4.73173046,5.17749930,0.95126243
MPIG6B (80739),MPIG6B,Bowel,0.23578608,0.11181656,0.33732712,0.01069249,0.31544915,0.61717527,0.56603280,1.13062116
RHOJ (57381),RHOJ,Bowel,1.16578934,0.11572978,1.74068101,0.00729598,2.03239370,0.04345901,0.01523921,-0.64476508
LPAR6 (10161),LPAR6,Bowel,1.56882315,1.10301410,1.59580576,0.12971823,2.75121100,1.36345417,0.78147720,-0.12869297
PIEZO2 (63895),PIEZO2,Bowel,1.09731113,0.19458888,1.57484099,0.03553383,1.78314650,0.10544733,0.03600248,-0.62981838
NES (10763),NES,Bowel,2.62597634,2.06029990,2.24897654,0.60303736,4.42879250,2.13919871,2.07869170,-0.21644406
VSTM4 (196740),VSTM4,Bowel,0.51524758,0.02806837,0.92543263,0.00351445,0.56939680,0.01162785,0.00288827,-0.54419922
SLC43A3 (29015),SLC43A3,Bowel,3.77334737,4.15590300,2.68569259,0.64724725,6.20369430,1.63964395,0.64724725,-0.79447045
URAD (646625),URAD,Bowel,0.10583533,0.00000000,0.48862585,0.00000000,0.00000000,0.87152930,0.12395484,1.56703529
PXK (54899),PXK,Bowel,3.32868676,3.21653560,1.05735577,2.56976820,4.01270300,2.65440104,2.68243620,-0.63770939
TRIB2 (28951),TRIB2,Bowel,3.88761409,3.88982400,2.17994665,2.27867170,5.66515700,2.13591012,2.35757730,-0.80355359
TMEM62 (80021),TMEM62,Bowel,3.60602178,3.66047240,1.02127913,3.10931700,4.23906950,4.43779971,4.50050900,0.81444719
AZGP1 (563),AZGP1,Bowel,2.11882567,0.67035270,2.66655780,0.17978619,3.65260120,3.77196595,4.03101600,0.61995291
SUSD3 (203328),SUSD3,Bowel,0.92984259,0.28436488,1.34958671,0.06146654,1.28568040,1.03352702,0.59056560,0.07682680
PYM1 (84305),PYM1,Bowel,4.82269038,4.81174850,0.58444721,4.42878600,5.26301570,5.34027368,5.40831400,0.88559459
CORO2B (10391),CORO2B,Bowel,1.19606684,0.54131263,1.37545653,0.08299410,1.96595050,0.39307538,0.09033044,-0.58379995
GUCA2A (2980),GUCA2A,Bowel,0.24556503,0.00000000,0.85097724,0.00000000,0.00000000,1.61141060,0.84711660,1.60503181
BCL2L13 (23786),BCL2L13,Bowel,5.30728528,5.27940460,0.77111664,4.76277900,5.79177240,4.84820482,4.87462000,-0.59534502
ADPRHL1 (113622),ADPRHL1,Bowel,1.96312086,1.90662520,1.16962783,0.97177935,2.77836630,2.26435495,2.12381200,0.25754695
XG (7499),XG,Bowel,0.55816368,0.05445121,1.25649780,0.00000000,0.32575250,0.24450520,0.06140571,-0.24962915
EPB41L3 (23136),EPB41L3,Bowel,2.08505129,0.73136747,2.29290828,0.14065040,4.29145600,0.86855080,0.20861089,-0.53054913
IRX5 (10265),IRX5,Bowel,1.71305520,1.45977780,1.27790127,0.78219130,2.40735270,1.05981014,0.82228553,-0.51118586
PROS1 (5627),PROS1,Bowel,3.09462713,3.15819480,1.94304029,1.45495500,4.60446900,2.50005435,2.46456360,-0.30600126
ALX1 (8092),ALX1,Bowel,1.19328700,0.22591160,1.57943644,0.00000000,2.22236560,0.23717440,0.01989545,-0.60535047
RUBCNL (80183),RUBCNL,Bowel,1.10978431,0.43089542,1.49291542,0.09936658,1.45252170,3.01075535,2.99970050,1.27332801
RHOH (399),RHOH,Bowel,0.55713060,0.09999265,1.26642682,0.02016151,0.32394415,0.23624768,0.07166383,-0.25337660
ABCB1 (5243),ABCB1,Bowel,1.18226651,0.32060250,1.78122308,0.07518484,1.47133310,3.72908008,4.31613830,1.42981168
INKA1 (389119),INKA1,Bowel,1.21045397,0.97520316,1.03164174,0.38228430,1.79071370,0.44845897,0.30502260,-0.73862365
FCMR (9214),FCMR,Bowel,1.68438530,1.31338510,1.53766907,0.45058048,2.57200200,1.29691683,1.19610350,-0.25198430
CCDC106 (29903),CCDC106,Bowel,3.19521719,3.40623040,1.29904842,2.45587830,4.07424830,1.70703346,1.33555760,-1.14559527
SNCA (6622),SNCA,Bowel,2.56815304,1.79748200,2.58049631,0.18418634,4.51618530,0.65937970,0.18937421,-0.73969233
GFRA2 (2675),GFRA2,Bowel,0.35645641,0.02416363,0.97619723,0.00000000,0.11635145,0.01565434,0.00582537,-0.34911189
CPEB1 (64506),CPEB1,Bowel,1.46270582,0.99221810,1.46759501,0.06798834,2.77650400,0.04758000,0.01453812,-0.96424817
LYPLAL1 (127018),LYPLAL1,Breast,4.71051726,4.86752100,1.09258843,4.44985200,5.27467900,4.97478425,5.05439700,0.24187241
SOX17 (64321),SOX17,Breast,0.36648495,0.00000000,1.24090767,0.00000000,0.03106201,0.17584545,0.01196215,-0.15362908
HOXA9 (3205),HOXA9,Breast,1.88537353,0.84417510,2.13032865,0.16674887,3.29450150,1.12392809,0.31809700,-0.35743097
LGSN (51557),LGSN,Breast,0.40139557,0.02081295,0.90285804,0.00000000,0.16066982,0.06699258,0.00000000,-0.37038269
TMEM101 (84336),TMEM101,Breast,4.79333092,4.97467140,1.09750255,4.56881050,5.32815800,3.61333499,4.47322850,-1.07516463
RANBP17 (64901),RANBP17,Breast,2.27760018,2.68102200,1.37180836,1.22634210,3.28352620,2.87075172,3.02088450,0.43238659
ELOVL5 (60481),ELOVL5,Breast,6.35346724,6.67406500,1.54781237,6.12671700,7.19303230,6.73719494,6.77686740,0.24791616
LRRN4 (164312),LRRN4,Breast,0.40881245,0.06661966,0.91755133,0.01939876,0.31749856,0.12144159,0.04291184,-0.31319322
TFPT (29844),TFPT,Breast,4.28305255,4.30066540,0.80433224,3.74660300,4.80569000,4.53611231,4.65330650,0.31462093
INA (9118),INA,Breast,1.50446762,0.15926103,2.11988863,0.02103761,2.93104200,0.52305406,0.03266511,-0.46295525
CCL28 (56477),CCL28,Breast,2.04631124,1.97959000,1.73652083,0.21946532,3.49595100,2.21798985,2.17635150,0.09886355
PAX8 (7849),PAX8,Breast,1.83889306,1.42740770,1.80849891,0.40858904,2.55489090,1.35834830,0.81460047,-0.26571471
GRIN2B (2904),GRIN2B,Breast,0.16501718,0.00539568,0.37385967,0.00075145,0.09275545,0.01525713,0.00413748,-0.40057821
FOXG1 (2290),FOXG1,Breast,1.21060278,0.05898002,1.89434834,0.00725866,2.13046960,0.22501381,0.00908484,-0.52027863
FOXA1 (3169),FOXA1,Breast,2.56728848,2.10744700,2.27271226,0.33617026,4.43600850,4.74955760,6.25156800,0.96020475
ALPL (249),ALPL,Breast,0.94167941,0.26752620,1.53626373,0.08171321,1.07423830,0.72949772,0.23885900,-0.13811540
HOXC10 (3226),HOXC10,Breast,2.99456466,3.33762400,2.15559145,0.65459040,4.97774200,4.79315381,5.40763800,0.83438313
KLHL14 (57565),KLHL14,Breast,0.50504073,0.02260644,1.16595634,0.00000000,0.19158918,0.14650592,0.00796473,-0.30750277
KCNJ16 (3773),KCNJ16,Breast,0.24340308,0.01850314,0.81471680,0.00000000,0.06330689,0.07868055,0.01988691,-0.20218379
RAPGEF3 (10411),RAPGEF3,Breast,1.67323597,1.27217260,1.44649935,0.62440790,2.20550510,2.32552821,2.16156530,0.45094540
MARVELD1 (83742),MARVELD1,Breast,4.28904992,4.43210400,1.28343877,3.60456940,5.18298240,2.97323475,3.01000450,-1.02522629
FEZ1 (9638),FEZ1,Breast,2.45908386,1.78678870,2.23173923,0.41256260,4.20273900,0.97603494,0.30213770,-0.66452608
CALML5 (51806),CALML5,Breast,0.57379355,0.00000000,1.74029013,0.00000000,0.09948777,3.73287338,3.16463660,1.81526043
CLDN16 (10686),CLDN16,Breast,0.66574274,0.16066208,1.42892677,0.03506361,0.57728330,0.37102926,0.11571513,-0.20624813
SERPINA3 (12),SERPINA3,Breast,1.76471819,0.51336545,2.65401693,0.14868425,2.18882180,3.92257502,3.52199300,0.81305315
HOXD8 (3234),HOXD8,Breast,1.94622044,1.88650730,1.69670505,0.20149711,3.29872420,1.14935540,0.31818494,-0.46965443
ZDHHC23 (254887),ZDHHC23,Breast,2.45856015,2.47266980,1.12530045,1.62752280,3.31451820,2.72359123,2.85578440,0.23552028
TIMMDC1 (51300),TIMMDC1,Breast,6.25792600,6.24570470,0.60440761,5.85699800,6.59990260,6.10117769,6.05476800,-0.25934206
TBX15 (6913),TBX15,Breast,0.77209435,0.15933597,1.18638661,0.05175770,0.99677414,0.24304662,0.07292761,-0.44593198
DYNC2H1 (79659),DYNC2H1,Breast,2.76060012,2.88158040,1.25443514,1.95151320,3.64093330,2.27200375,2.26286000,-0.38949512
NTNG1 (22854),NTNG1,Breast,1.06795260,0.18602380,1.52955793,0.03138531,1.57261810,0.38800952,0.11825473,-0.44453568
IL1R2 (7850),IL1R2,Breast,0.92068455,0.27355290,1.38858001,0.07397374,1.09176750,0.60162406,0.23269759,-0.22977466
MGP (4256),MGP,Breast,2.17753303,0.70520560,2.81529979,0.22911535,3.43112830,5.92431575,6.54408650,1.33086456
TNF (7124),TNF,Breast,0.35391599,0.06979702,0.80389037,0.02145699,0.27337742,0.43059247,0.16986986,0.09538175
ZNF331 (55422),ZNF331,Breast,2.88950977,3.15185070,1.46901431,2.32947090,3.80884840,3.30400440,3.52838370,0.28215833
DNAH14 (127602),DNAH14,Breast,3.33866744,3.76368780,1.54846964,2.94320490,4.36954300,4.14448560,4.17229560,0.52039648
CYP4B1 (1580),CYP4B1,Breast,0.56166836,0.04347190,1.14963368,0.00000000,0.54532490,2.46281477,1.84712700,1.65369754
DCAF12L1 (139170),DCAF12L1,Breast,0.14193338,0.00000000,0.59184034,0.00000000,0.00865468,0.00370252,0.00000000,-0.23356105
LRRC17 (10234),LRRC17,Breast,1.49946286,0.55962000,1.97366574,0.22482687,1.98131930,0.59692458,0.33954218,-0.45729034
SHANK1 (50944),SHANK1,Breast,0.77465129,0.15556403,1.26535870,0.01595708,0.98850584,0.19861587,0.02824946,-0.45523488
MARCHF6 (10299),MARCHF6,Breast,6.69796290,6.65928200,0.79360480,6.14840300,7.18656000,6.83666393,6.93155300,0.17477343
ALDH2 (217),ALDH2,Breast,3.86686934,4.21095750,2.21671839,2.24720140,5.52498800,3.69984719,3.79132440,-0.07534658
CDH4 (1002),CDH4,Breast,0.71195112,0.14999938,1.16273009,0.03258190,0.77052546,0.28219468,0.12479793,-0.36960980
IFFO1 (25900),IFFO1,Breast,1.67413889,0.61588990,1.76602962,0.19542949,3.40564400,0.38298536,0.17841890,-0.73110524
CBR3 (874),CBR3,Breast,3.32129026,3.52358700,1.58814080,2.16099430,4.49994800,3.67009156,3.87682150,0.21962870
SYCP2 (10388),SYCP2,Breast,1.78780029,1.19942430,1.68058893,0.47392610,2.59054680,3.83547451,4.01757500,1.21842658
SHANK2 (22941),SHANK2,Breast,1.46431524,1.19540430,1.42342200,0.09694862,2.56966610,2.87373812,3.04054360,0.99016516
CPAMD8 (27151),CPAMD8,Breast,0.70949244,0.26911455,1.03299211,0.08746827,0.80575967,2.19386860,1.99267420,1.43696756
TRPV1 (7442),TRPV1,Breast,1.55601876,1.52615390,0.75287791,0.99249870,2.05755780,2.11227389,2.05523400,0.73883842
TCEAL7 (56849),TCEAL7,Breast,0.76114671,0.04796269,1.72510131,0.00000000,0.25756827,0.07111209,0.00000000,-0.39999658
SSC5D (284297),SSC5D,Breast,0.84106399,0.26663545,1.20884005,0.07493147,1.06662650,0.37641142,0.16587593,-0.38437887
PLAAT2 (54979),PLAAT2,Breast,0.72571059,0.18635476,1.13303484,0.00000000,1.01128800,1.80542649,1.49705540,0.95294148
LDHB (3945),LDHB,Breast,9.47942335,9.95865800,2.04976819,9.30967400,10.56613900,6.48040145,8.32251800,-1.46310295
SYT8 (90019),SYT8,Breast,0.91804557,0.28215864,1.37679917,0.03842775,1.24946360,1.94380343,1.14668130,0.74503085
TRPS1 (7227),TRPS1,Breast,2.36546429,2.28803970,1.63047536,1.14920080,3.27327420,4.91920633,5.05790100,1.56625613
APOBEC3G (60489),APOBEC3G,Breast,1.81170537,1.11798080,1.76015360,0.23641670,3.28593040,0.69464785,0.22955470,-0.63463638
SEMA3F (6405),SEMA3F,Breast,2.63498404,2.39279000,1.75229642,1.14343260,3.97395100,4.24132469,4.52812770,0.91670600
TOP6BL (79703),TOP6BL,Breast,3.72731574,3.68312380,0.91649827,3.10622260,4.31933600,4.50931392,4.64616800,0.85324566
CRIPTO (6997),CRIPTO,Breast,0.38529459,0.00000000,1.20582723,0.00000000,0.03991605,0.02660249,0.00000000,-0.29746558
LY6G6D (58530),LY6G6D,Breast,0.36406714,0.00000000,1.15712691,0.00000000,0.11554602,0.07578199,0.00000000,-0.24913875
PPP1R13B (23368),PPP1R13B,Breast,2.97096244,2.92891600,0.95266592,2.29788400,3.69896300,3.58759714,3.86605740,0.64727275
FFAR4 (338557),FFAR4,Breast,0.33090152,0.02833858,0.72049140,0.00000000,0.23767017,0.17645870,0.07013512,-0.21435762
CRYAB (1410),CRYAB,Breast,2.77946188,1.35958860,3.02974870,0.46060207,4.70514300,2.19434264,1.01004930,-0.19312468
SLC20A1 (6574),SLC20A1,Breast,6.16722969,6.13897400,1.08947529,5.36986800,6.80348540,5.67878640,5.55965380,-0.44832893
AMN (81693),AMN,Breast,1.05613597,0.44628057,1.37651887,0.11066391,1.45792000,0.54976750,0.20377249,-0.36786162
MSC (9242),MSC,Breast,1.60862260,0.42649233,2.02362558,0.04500394,3.12077830,0.94595663,0.09900428,-0.32746471
ZBED2 (79413),ZBED2,Breast,0.94683765,0.08000404,1.68042585,0.01719504,1.00006500,0.41063681,0.04087560,-0.31908628
SMIM29 (221491),SMIM29,Breast,4.81238774,4.72694000,0.93981521,4.16924330,5.50571000,4.95902146,4.87447260,0.15602399
HOXB8 (3218),HOXB8,Breast,1.76743230,1.14210630,1.83241578,0.21833357,2.80729940,0.59107925,0.10644481,-0.64196841
ABLIM1 (3983),ABLIM1,Breast,4.07281215,4.32445760,1.74670754,2.95995740,5.37191440,4.35487614,4.78706170,0.16148324
STK33 (65975),STK33,Breast,1.57308443,1.16509510,1.53662845,0.09083040,2.93130680,0.44706837,0.08035067,-0.73278355
ARHGEF40 (55701),ARHGEF40,Breast,3.31382349,3.48416400,1.40371965,2.33055260,4.37330000,2.45904594,2.28020800,-0.60893751
ZG16B (124220),ZG16B,Breast,1.52709329,0.62945080,1.87727372,0.13587236,2.41954700,4.13162169,4.78422100,1.38739937
GYG2 (8908),GYG2,Breast,1.86969861,1.45154610,1.79646695,0.25027400,2.93835740,1.60528725,1.44025590,-0.14718409
LIFR (3977),LIFR,Breast,2.52362313,2.65774970,1.68370309,1.08818910,3.67300220,1.90920433,1.65999300,-0.36492110
EDA2R (60401),EDA2R,Breast,0.92379128,0.07957678,1.36836761,0.01384955,1.69069860,0.36733513,0.03965360,-0.40665691
IL24 (11009),IL24,Breast,0.82998000,0.12745896,1.65164900,0.02772026,0.66852040,0.62610506,0.13980868,-0.12343721
EGFLAM (133584),EGFLAM,Breast,0.95652778,0.11118626,1.69869009,0.01561603,0.77837850,0.66387079,0.08461810,-0.17228392
CACNA2D1 (781),CACNA2D1,Breast,2.16082831,2.17623330,1.84517369,0.18795520,3.58927200,1.08871510,0.58348640,-0.58103647
PDGFRA (5156),PDGFRA,Breast,1.17397493,0.25239265,1.91806948,0.05655301,1.26155480,0.58873838,0.06773095,-0.30511749
ALX4 (60529),ALX4,Breast,0.55035024,0.06938184,0.99319676,0.01259156,0.61425567,0.40737814,0.10278308,-0.14395143
FBXO34 (55030),FBXO34,Breast,4.08394603,4.03242730,0.63149958,3.63156990,4.48085300,4.00921141,3.95435450,-0.11834469
MEGF10 (84466),MEGF10,Breast,0.48251050,0.10180066,0.90981753,0.01134106,0.38185260,0.19998836,0.07366808,-0.31052615
PLBD1 (79887),PLBD1,Breast,2.53850410,2.02325530,2.30559547,0.32315212,4.47331300,3.32025964,3.04003860,0.33906882
MPIG6B (80739),MPIG6B,Breast,0.23578608,0.11181656,0.33732712,0.01069249,0.31544915,0.36854405,0.30748564,0.39355851
RHOJ (57381),RHOJ,Breast,1.16578934,0.11572978,1.74068101,0.00729598,2.03239370,0.18022507,0.01523635,-0.56619464
LPAR6 (10161),LPAR6,Breast,1.56882315,1.10301410,1.59580576,0.12971823,2.75121100,1.61759582,1.61173430,0.03056303
PIEZO2 (63895),PIEZO2,Breast,1.09731113,0.19458888,1.57484099,0.03553383,1.78314650,0.55195415,0.09331948,-0.34629336
NES (10763),NES,Breast,2.62597634,2.06029990,2.24897654,0.60303736,4.42879250,1.50165743,0.74233484,-0.49992469
VSTM4 (196740),VSTM4,Breast,0.51524758,0.02806837,0.92543263,0.00351445,0.56939680,0.24076883,0.00829469,-0.29659506
SLC43A3 (29015),SLC43A3,Breast,3.77334737,4.15590300,2.68569259,0.64724725,6.20369430,3.02369364,2.61530100,-0.27912864
URAD (646625),URAD,Breast,0.10583533,0.00000000,0.48862585,0.00000000,0.00000000,0.00351671,0.00000000,-0.20940076
PXK (54899),PXK,Breast,3.32868676,3.21653560,1.05735577,2.56976820,4.01270300,3.19447426,3.09077380,-0.12693221
TRIB2 (28951),TRIB2,Breast,3.88761409,3.88982400,2.17994665,2.27867170,5.66515700,3.29008773,3.51588900,-0.27410137
TMEM62 (80021),TMEM62,Breast,3.60602178,3.66047240,1.02127913,3.10931700,4.23906950,3.96916055,4.04032300,0.35557250
AZGP1 (563),AZGP1,Breast,2.11882567,0.67035270,2.66655780,0.17978619,3.65260120,5.17927775,5.74794050,1.14771638
SUSD3 (203328),SUSD3,Breast,0.92984259,0.28436488,1.34958671,0.06146654,1.28568040,2.57996390,2.15218660,1.22268639
PYM1 (84305),PYM1,Breast,4.82269038,4.81174850,0.58444721,4.42878600,5.26301570,4.99601501,5.16079500,0.29656163
CORO2B (10391),CORO2B,Breast,1.19606684,0.54131263,1.37545653,0.08299410,1.96595050,0.43210190,0.10364803,-0.55542645
GUCA2A (2980),GUCA2A,Breast,0.24556503,0.00000000,0.85097724,0.00000000,0.00000000,0.00598494,0.00000000,-0.28153525
BCL2L13 (23786),BCL2L13,Breast,5.30728528,5.27940460,0.77111664,4.76277900,5.79177240,5.05552229,4.99703030,-0.32649144
ADPRHL1 (113622),ADPRHL1,Breast,1.96312086,1.90662520,1.16962783,0.97177935,2.77836630,2.64493652,2.83065300,0.58293385
XG (7499),XG,Breast,0.55816368,0.05445121,1.25649780,0.00000000,0.32575250,0.73074993,0.12717101,0.13735500
EPB41L3 (23136),EPB41L3,Breast,2.08505129,0.73136747,2.29290828,0.14065040,4.29145600,1.19248859,0.27891374,-0.38927100
IRX5 (10265),IRX5,Breast,1.71305520,1.45977780,1.27790127,0.78219130,2.40735270,3.76214998,4.06974500,1.60348441
PROS1 (5627),PROS1,Breast,3.09462713,3.15819480,1.94304029,1.45495500,4.60446900,1.34270131,0.66523355,-0.90164152
ALX1 (8092),ALX1,Breast,1.19328700,0.22591160,1.57943644,0.00000000,2.22236560,0.41633296,0.01924217,-0.49191852
RUBCNL (80183),RUBCNL,Breast,1.10978431,0.43089542,1.49291542,0.09936658,1.45252170,0.46999117,0.20399669,-0.42855283
RHOH (399),RHOH,Breast,0.55713060,0.09999265,1.26642682,0.02016151,0.32394415,1.35468278,0.90219480,0.62976570
ABCB1 (5243),ABCB1,Breast,1.18226651,0.32060250,1.78122308,0.07518484,1.47133310,0.46538834,0.07194797,-0.40246400
INKA1 (389119),INKA1,Breast,1.21045397,0.97520316,1.03164174,0.38228430,1.79071370,0.69404738,0.40265343,-0.50056775
FCMR (9214),FCMR,Breast,1.68438530,1.31338510,1.53766907,0.45058048,2.57200200,1.78257942,1.65361500,0.06385907
CCDC106 (29903),CCDC106,Breast,3.19521719,3.40623040,1.29904842,2.45587830,4.07424830,3.50283034,3.56958840,0.23679883
SNCA (6622),SNCA,Breast,2.56815304,1.79748200,2.58049631,0.18418634,4.51618530,0.99119993,0.25375575,-0.61110458
GFRA2 (2675),GFRA2,Breast,0.35645641,0.02416363,0.97619723,0.00000000,0.11635145,0.19144542,0.02091818,-0.16903447
CPEB1 (64506),CPEB1,Breast,1.46270582,0.99221810,1.46759501,0.06798834,2.77650400,0.62471211,0.38258758,-0.57099792
LYPLAL1 (127018),LYPLAL1,CNS/Brain,4.71051726,4.86752100,1.09258843,4.44985200,5.27467900,4.82409309,4.77845455,0.10395116
SOX17 (64321),SOX17,CNS/Brain,0.36648495,0.00000000,1.24090767,0.00000000,0.03106201,0.08336336,0.00000000,-0.22815686
HOXA9 (3205),HOXA9,CNS/Brain,1.88537353,0.84417510,2.13032865,0.16674887,3.29450150,0.83720674,0.21732729,-0.49202117
LGSN (51557),LGSN,CNS/Brain,0.40139557,0.02081295,0.90285804,0.00000000,0.16066982,0.10130428,0.01056646,-0.33237926
TMEM101 (84336),TMEM101,CNS/Brain,4.79333092,4.97467140,1.09750255,4.56881050,5.32815800,5.18222543,5.09143285,0.35434496
RANBP17 (64901),RANBP17,CNS/Brain,2.27760018,2.68102200,1.37180836,1.22634210,3.28352620,0.98849024,0.16350142,-0.93971575
ELOVL5 (60481),ELOVL5,CNS/Brain,6.35346724,6.67406500,1.54781237,6.12671700,7.19303230,7.10030686,7.08452100,0.48251302
LRRN4 (164312),LRRN4,CNS/Brain,0.40881245,0.06661966,0.91755133,0.01939876,0.31749856,0.15886837,0.03285478,-0.27240337
TFPT (29844),TFPT,CNS/Brain,4.28305255,4.30066540,0.80433224,3.74660300,4.80569000,4.30460510,4.31547900,0.02679558
INA (9118),INA,CNS/Brain,1.50446762,0.15926103,2.11988863,0.02103761,2.93104200,1.02364343,0.04929861,-0.22681578
CCL28 (56477),CCL28,CNS/Brain,2.04631124,1.97959000,1.73652083,0.21946532,3.49595100,0.32792037,0.04394468,-0.98955960
PAX8 (7849),PAX8,CNS/Brain,1.83889306,1.42740770,1.80849891,0.40858904,2.55489090,1.78004317,1.68427490,-0.03254074
GRIN2B (2904),GRIN2B,CNS/Brain,0.16501718,0.00539568,0.37385967,0.00075145,0.09275545,0.07523146,0.00202196,-0.24015887
FOXG1 (2290),FOXG1,CNS/Brain,1.21060278,0.05898002,1.89434834,0.00725866,2.13046960,3.70775577,3.90654250,1.31821214
FOXA1 (3169),FOXA1,CNS/Brain,2.56728848,2.10744700,2.27271226,0.33617026,4.43600850,0.61162326,0.12076385,-0.86049838
ALPL (249),ALPL,CNS/Brain,0.94167941,0.26752620,1.53626373,0.08171321,1.07423830,0.81269514,0.36602528,-0.08395972
HOXC10 (3226),HOXC10,CNS/Brain,2.99456466,3.33762400,2.15559145,0.65459040,4.97774200,3.11644243,3.72622050,0.05654029
KLHL14 (57565),KLHL14,CNS/Brain,0.50504073,0.02260644,1.16595634,0.00000000,0.19158918,0.29095761,0.00590511,-0.18361161
KCNJ16 (3773),KCNJ16,CNS/Brain,0.24340308,0.01850314,0.81471680,0.00000000,0.06330689,0.10692007,0.02203959,-0.16752203
RAPGEF3 (10411),RAPGEF3,CNS/Brain,1.67323597,1.27217260,1.44649935,0.62440790,2.20550510,1.30721711,1.26002975,-0.25303769
MARVELD1 (83742),MARVELD1,CNS/Brain,4.28904992,4.43210400,1.28343877,3.60456940,5.18298240,4.65202269,4.84593285,0.28281269
FEZ1 (9638),FEZ1,CNS/Brain,2.45908386,1.78678870,2.23173923,0.41256260,4.20273900,4.19011643,4.23246975,0.77564284
CALML5 (51806),CALML5,CNS/Brain,0.57379355,0.00000000,1.74029013,0.00000000,0.09948777,0.02381983,0.00000000,-0.31602415
CLDN16 (10686),CLDN16,CNS/Brain,0.66574274,0.16066208,1.42892677,0.03506361,0.57728330,0.20545798,0.09141986,-0.32211921
SERPINA3 (12),SERPINA3,CNS/Brain,1.76471819,0.51336545,2.65401693,0.14868425,2.18882180,1.41510999,0.52160795,-0.13172795
HOXD8 (3234),HOXD8,CNS/Brain,1.94622044,1.88650730,1.69670505,0.20149711,3.29872420,1.19859384,0.72470040,-0.44063439
ZDHHC23 (254887),ZDHHC23,CNS/Brain,2.45856015,2.47266980,1.12530045,1.62752280,3.31451820,1.88829187,1.94996350,-0.50676980
TIMMDC1 (51300),TIMMDC1,CNS/Brain,6.25792600,6.24570470,0.60440761,5.85699800,6.59990260,6.27246938,6.33671355,0.02406220
TBX15 (6913),TBX15,CNS/Brain,0.77209435,0.15933597,1.18638661,0.05175770,0.99677414,1.59874948,1.41887205,0.69678392
DYNC2H1 (79659),DYNC2H1,CNS/Brain,2.76060012,2.88158040,1.25443514,1.95151320,3.64093330,3.33979820,3.44157290,0.46172022
NTNG1 (22854),NTNG1,CNS/Brain,1.06795260,0.18602380,1.52955793,0.03138531,1.57261810,1.75166591,1.36699915,0.44700060
IL1R2 (7850),IL1R2,CNS/Brain,0.92068455,0.27355290,1.38858001,0.07397374,1.09176750,0.31946826,0.15854957,-0.43297202
MGP (4256),MGP,CNS/Brain,2.17753303,0.70520560,2.81529979,0.22911535,3.43112830,3.12130072,1.96261890,0.33522813
TNF (7124),TNF,CNS/Brain,0.35391599,0.06979702,0.80389037,0.02145699,0.27337742,0.18184605,0.04450131,-0.21404652
ZNF331 (55422),ZNF331,CNS/Brain,2.88950977,3.15185070,1.46901431,2.32947090,3.80884840,3.25143454,3.22948135,0.24637252
DNAH14 (127602),DNAH14,CNS/Brain,3.33866744,3.76368780,1.54846964,2.94320490,4.36954300,1.43334489,0.32350179,-1.23045521
CYP4B1 (1580),CYP4B1,CNS/Brain,0.56166836,0.04347190,1.14963368,0.00000000,0.54532490,0.19991803,0.00000000,-0.31466573
DCAF12L1 (139170),DCAF12L1,CNS/Brain,0.14193338,0.00000000,0.59184034,0.00000000,0.00865468,0.01700981,0.00000000,-0.21107645
LRRC17 (10234),LRRC17,CNS/Brain,1.49946286,0.55962000,1.97366574,0.22482687,1.98131930,4.01337570,4.36767950,1.27372775
SHANK1 (50944),SHANK1,CNS/Brain,0.77465129,0.15556403,1.26535870,0.01595708,0.98850584,0.43092015,0.15113960,-0.27164719
MARCHF6 (10299),MARCHF6,CNS/Brain,6.69796290,6.65928200,0.79360480,6.14840300,7.18656000,6.52886367,6.49557355,-0.21307738
ALDH2 (217),ALDH2,CNS/Brain,3.86686934,4.21095750,2.21671839,2.24720140,5.52498800,3.48385783,4.01770025,-0.17278311
CDH4 (1002),CDH4,CNS/Brain,0.71195112,0.14999938,1.16273009,0.03258190,0.77052546,2.04813731,1.76274130,1.14918000
IFFO1 (25900),IFFO1,CNS/Brain,1.67413889,0.61588990,1.76602962,0.19542949,3.40564400,3.73687988,3.99808230,1.16801040
CBR3 (874),CBR3,CNS/Brain,3.32129026,3.52358700,1.58814080,2.16099430,4.49994800,3.98913105,4.37816600,0.42051737
SYCP2 (10388),SYCP2,CNS/Brain,1.78780029,1.19942430,1.68058893,0.47392610,2.59054680,0.72048271,0.51507059,-0.63508545
SHANK2 (22941),SHANK2,CNS/Brain,1.46431524,1.19540430,1.42342200,0.09694862,2.56966610,0.38342134,0.09678160,-0.75936293
CPAMD8 (27151),CPAMD8,CNS/Brain,0.70949244,0.26911455,1.03299211,0.08746827,0.80575967,0.22009990,0.09409875,-0.47376212
TRPV1 (7442),TRPV1,CNS/Brain,1.55601876,1.52615390,0.75287791,0.99249870,2.05755780,1.42564020,1.40882685,-0.17317356
TCEAL7 (56849),TCEAL7,CNS/Brain,0.76114671,0.04796269,1.72510131,0.00000000,0.25756827,2.87802087,2.58385825,1.22710135
SSC5D (284297),SSC5D,CNS/Brain,0.84106399,0.26663545,1.20884005,0.07493147,1.06662650,2.21814847,2.45565355,1.13917839
PLAAT2 (54979),PLAAT2,CNS/Brain,0.72571059,0.18635476,1.13303484,0.00000000,1.01128800,0.23460068,0.07699314,-0.43344642
LDHB (3945),LDHB,CNS/Brain,9.47942335,9.95865800,2.04976819,9.30967400,10.56613900,9.95087249,9.88916500,0.23000120
SYT8 (90019),SYT8,CNS/Brain,0.91804557,0.28215864,1.37679917,0.03842775,1.24946360,0.35500104,0.14733453,-0.40895182
TRPS1 (7227),TRPS1,CNS/Brain,2.36546429,2.28803970,1.63047536,1.14920080,3.27327420,2.71689103,2.83791090,0.21553637
APOBEC3G (60489),APOBEC3G,CNS/Brain,1.81170537,1.11798080,1.76015360,0.23641670,3.28593040,2.97652359,3.36350875,0.66177078
SEMA3F (6405),SEMA3F,CNS/Brain,2.63498404,2.39279000,1.75229642,1.14343260,3.97395100,2.66358642,2.22474350,0.01632280
TOP6BL (79703),TOP6BL,CNS/Brain,3.72731574,3.68312380,0.91649827,3.10622260,4.31933600,3.27336396,3.29014290,-0.49531111
CRIPTO (6997),CRIPTO,CNS/Brain,0.38529459,0.00000000,1.20582723,0.00000000,0.03991605,0.04866994,0.00000000,-0.27916491
LY6G6D (58530),LY6G6D,CNS/Brain,0.36406714,0.00000000,1.15712691,0.00000000,0.11554602,0.03291280,0.00000000,-0.28618671
PPP1R13B (23368),PPP1R13B,CNS/Brain,2.97096244,2.92891600,0.95266592,2.29788400,3.69896300,2.39921282,2.35367000,-0.60015752
FFAR4 (338557),FFAR4,CNS/Brain,0.33090152,0.02833858,0.72049140,0.00000000,0.23767017,0.03631211,0.00000000,-0.40887290
CRYAB (1410),CRYAB,CNS/Brain,2.77946188,1.35958860,3.02974870,0.46060207,4.70514300,3.73489788,3.22195045,0.31535157
SLC20A1 (6574),SLC20A1,CNS/Brain,6.16722969,6.13897400,1.08947529,5.36986800,6.80348540,6.79411405,6.72086290,0.57540025
AMN (81693),AMN,CNS/Brain,1.05613597,0.44628057,1.37651887,0.11066391,1.45792000,0.26442984,0.10157255,-0.57515094
MSC (9242),MSC,CNS/Brain,1.60862260,0.42649233,2.02362558,0.04500394,3.12077830,2.09909830,0.86153865,0.24237473
ZBED2 (79413),ZBED2,CNS/Brain,0.94683765,0.08000404,1.68042585,0.01719504,1.00006500,0.19152242,0.05297624,-0.44947846
SMIM29 (221491),SMIM29,CNS/Brain,4.81238774,4.72694000,0.93981521,4.16924330,5.50571000,5.24576814,5.36669995,0.46113362
HOXB8 (3218),HOXB8,CNS/Brain,1.76743230,1.14210630,1.83241578,0.21833357,2.80729940,1.29317987,0.79141838,-0.25881267
ABLIM1 (3983),ABLIM1,CNS/Brain,4.07281215,4.32445760,1.74670754,2.95995740,5.37191440,3.04947679,3.14645545,-0.58586531
STK33 (65975),STK33,CNS/Brain,1.57308443,1.16509510,1.53662845,0.09083040,2.93130680,2.61170319,2.95319155,0.67590754
ARHGEF40 (55701),ARHGEF40,CNS/Brain,3.31382349,3.48416400,1.40371965,2.33055260,4.37330000,4.17805203,4.31633875,0.61567032
ZG16B (124220),ZG16B,CNS/Brain,1.52709329,0.62945080,1.87727372,0.13587236,2.41954700,0.80543752,0.38002493,-0.38441691
GYG2 (8908),GYG2,CNS/Brain,1.86969861,1.45154610,1.79646695,0.25027400,2.93835740,1.46274757,1.23988120,-0.22652854
LIFR (3977),LIFR,CNS/Brain,2.52362313,2.65774970,1.68370309,1.08818910,3.67300220,3.05013545,3.13807395,0.31271091
EDA2R (60401),EDA2R,CNS/Brain,0.92379128,0.07957678,1.36836761,0.01384955,1.69069860,1.54129510,1.13942900,0.45127041
IL24 (11009),IL24,CNS/Brain,0.82998000,0.12745896,1.65164900,0.02772026,0.66852040,0.51949778,0.13412894,-0.18798317
EGFLAM (133584),EGFLAM,CNS/Brain,0.95652778,0.11118626,1.69869009,0.01561603,0.77837850,0.98727225,0.20215094,0.01809893
CACNA2D1 (781),CACNA2D1,CNS/Brain,2.16082831,2.17623330,1.84517369,0.18795520,3.58927200,3.02422355,3.27760440,0.46792085
PDGFRA (5156),PDGFRA,CNS/Brain,1.17397493,0.25239265,1.91806948,0.05655301,1.26155480,3.16969424,3.00903120,1.04048332
ALX4 (60529),ALX4,CNS/Brain,0.55035024,0.06938184,0.99319676,0.01259156,0.61425567,0.78328647,0.27028575,0.23453180
FBXO34 (55030),FBXO34,CNS/Brain,4.08394603,4.03242730,0.63149958,3.63156990,4.48085300,3.78485301,3.69813170,-0.47362345
MEGF10 (84466),MEGF10,CNS/Brain,0.48251050,0.10180066,0.90981753,0.01134106,0.38185260,0.73687753,0.26285812,0.27958027
PLBD1 (79887),PLBD1,CNS/Brain,2.53850410,2.02325530,2.30559547,0.32315212,4.47331300,0.91612752,0.32510481,-0.70366922
MPIG6B (80739),MPIG6B,CNS/Brain,0.23578608,0.11181656,0.33732712,0.01069249,0.31544915,0.08315374,0.03811791,-0.45247574
RHOJ (57381),RHOJ,CNS/Brain,1.16578934,0.11572978,1.74068101,0.00729598,2.03239370,2.50193829,2.39121260,0.76760127
LPAR6 (10161),LPAR6,CNS/Brain,1.56882315,1.10301410,1.59580576,0.12971823,2.75121100,1.42126140,0.95002175,-0.09246849
PIEZO2 (63895),PIEZO2,CNS/Brain,1.09731113,0.19458888,1.57484099,0.03553383,1.78314650,1.34541018,0.85889440,0.15753911
NES (10763),NES,CNS/Brain,2.62597634,2.06029990,2.24897654,0.60303736,4.42879250,3.44079029,3.19996600,0.36230434
VSTM4 (196740),VSTM4,CNS/Brain,0.51524758,0.02806837,0.92543263,0.00351445,0.56939680,1.12646344,0.79741707,0.66046499
SLC43A3 (29015),SLC43A3,CNS/Brain,3.77334737,4.15590300,2.68569259,0.64724725,6.20369430,4.31379378,5.18310120,0.20123167
URAD (646625),URAD,CNS/Brain,0.10583533,0.00000000,0.48862585,0.00000000,0.00000000,0.00104192,0.00000000,-0.21446555
PXK (54899),PXK,CNS/Brain,3.32868676,3.21653560,1.05735577,2.56976820,4.01270300,4.21556330,4.39080430,0.83876833
TRIB2 (28951),TRIB2,CNS/Brain,3.88761409,3.88982400,2.17994665,2.27867170,5.66515700,4.90074217,5.14748280,0.46474902
TMEM62 (80021),TMEM62,CNS/Brain,3.60602178,3.66047240,1.02127913,3.10931700,4.23906950,3.54777408,3.63623575,-0.05703406
AZGP1 (563),AZGP1,CNS/Brain,2.11882567,0.67035270,2.66655780,0.17978619,3.65260120,0.85565238,0.23450123,-0.47370932
SUSD3 (203328),SUSD3,CNS/Brain,0.92984259,0.28436488,1.34958671,0.06146654,1.28568040,0.20951349,0.05862265,-0.53374050
PYM1 (84305),PYM1,CNS/Brain,4.82269038,4.81174850,0.58444721,4.42878600,5.26301570,4.69324783,4.65991300,-0.22147861
CORO2B (10391),CORO2B,CNS/Brain,1.19606684,0.54131263,1.37545653,0.08299410,1.96595050,2.34754234,2.14524485,0.83715876
GUCA2A (2980),GUCA2A,CNS/Brain,0.24556503,0.00000000,0.85097724,0.00000000,0.00000000,0.02496922,0.00000000,-0.25922645
BCL2L13 (23786),BCL2L13,CNS/Brain,5.30728528,5.27940460,0.77111664,4.76277900,5.79177240,5.69172803,5.69373630,0.49855330
ADPRHL1 (113622),ADPRHL1,CNS/Brain,1.96312086,1.90662520,1.16962783,0.97177935,2.77836630,1.27062105,0.99366850,-0.59206852
XG (7499),XG,CNS/Brain,0.55816368,0.05445121,1.25649780,0.00000000,0.32575250,0.11055423,0.03575193,-0.35623576
EPB41L3 (23136),EPB41L3,CNS/Brain,2.08505129,0.73136747,2.29290828,0.14065040,4.29145600,1.51621193,0.47230490,-0.24808640
IRX5 (10265),IRX5,CNS/Brain,1.71305520,1.45977780,1.27790127,0.78219130,2.40735270,1.40131562,1.36279895,-0.24394653
PROS1 (5627),PROS1,CNS/Brain,3.09462713,3.15819480,1.94304029,1.45495500,4.60446900,3.93534755,4.07966620,0.43268295
ALX1 (8092),ALX1,CNS/Brain,1.19328700,0.22591160,1.57943644,0.00000000,2.22236560,0.86463737,0.04761227,-0.20808031
RUBCNL (80183),RUBCNL,CNS/Brain,1.10978431,0.43089542,1.49291542,0.09936658,1.45252170,0.65201705,0.37781056,-0.30662638
RHOH (399),RHOH,CNS/Brain,0.55713060,0.09999265,1.26642682,0.02016151,0.32394415,0.24540759,0.09214539,-0.24614372
ABCB1 (5243),ABCB1,CNS/Brain,1.18226651,0.32060250,1.78122308,0.07518484,1.47133310,0.82166262,0.31501780,-0.20244734
INKA1 (389119),INKA1,CNS/Brain,1.21045397,0.97520316,1.03164174,0.38228430,1.79071370,1.61992735,1.60858680,0.39691431
FCMR (9214),FCMR,CNS/Brain,1.68438530,1.31338510,1.53766907,0.45058048,2.57200200,1.12623012,0.84923638,-0.36298784
CCDC106 (29903),CCDC106,CNS/Brain,3.19521719,3.40623040,1.29904842,2.45587830,4.07424830,3.63565886,3.66886590,0.33904946
SNCA (6622),SNCA,CNS/Brain,2.56815304,1.79748200,2.58049631,0.18418634,4.51618530,1.85277332,0.52545864,-0.27722563
GFRA2 (2675),GFRA2,CNS/Brain,0.35645641,0.02416363,0.97619723,0.00000000,0.11635145,0.23383479,0.05245753,-0.12561152
CPEB1 (64506),CPEB1,CNS/Brain,1.46270582,0.99221810,1.46759501,0.06798834,2.77650400,2.44138140,2.46787965,0.66685670
LYPLAL1 (127018),LYPLAL1,Esophagus/Stomach,4.71051726,4.86752100,1.09258843,4.44985200,5.27467900,4.86346704,4.90360520,0.13998847
SOX17 (64321),SOX17,Esophagus/Stomach,0.36648495,0.00000000,1.24090767,0.00000000,0.03106201,0.02362135,0.00000000,-0.27630066
HOXA9 (3205),HOXA9,Esophagus/Stomach,1.88537353,0.84417510,2.13032865,0.16674887,3.29450150,2.26874311,2.14537555,0.17995795
LGSN (51557),LGSN,Esophagus/Stomach,0.40139557,0.02081295,0.90285804,0.00000000,0.16066982,0.19624389,0.01253193,-0.22722473
TMEM101 (84336),TMEM101,Esophagus/Stomach,4.79333092,4.97467140,1.09750255,4.56881050,5.32815800,4.87396086,4.98429845,0.07346674
RANBP17 (64901),RANBP17,Esophagus/Stomach,2.27760018,2.68102200,1.37180836,1.22634210,3.28352620,1.72673507,2.08350265,-0.40156127
ELOVL5 (60481),ELOVL5,Esophagus/Stomach,6.35346724,6.67406500,1.54781237,6.12671700,7.19303230,4.49577178,5.43103670,-1.20020713
LRRN4 (164312),LRRN4,Esophagus/Stomach,0.40881245,0.06661966,0.91755133,0.01939876,0.31749856,0.26710886,0.11489442,-0.15443668
TFPT (29844),TFPT,Esophagus/Stomach,4.28305255,4.30066540,0.80433224,3.74660300,4.80569000,3.91873327,3.89954760,-0.45294625
INA (9118),INA,Esophagus/Stomach,1.50446762,0.15926103,2.11988863,0.02103761,2.93104200,0.55653277,0.03568232,-0.44716257
CCL28 (56477),CCL28,Esophagus/Stomach,2.04631124,1.97959000,1.73652083,0.21946532,3.49595100,1.84881772,1.98275830,-0.11372943
PAX8 (7849),PAX8,Esophagus/Stomach,1.83889306,1.42740770,1.80849891,0.40858904,2.55489090,1.97931621,1.89187520,0.07764624
GRIN2B (2904),GRIN2B,Esophagus/Stomach,0.16501718,0.00539568,0.37385967,0.00075145,0.09275545,0.03353661,0.00234824,-0.35168426
FOXG1 (2290),FOXG1,Esophagus/Stomach,1.21060278,0.05898002,1.89434834,0.00725866,2.13046960,0.55554033,0.02683401,-0.34579830
FOXA1 (3169),FOXA1,Esophagus/Stomach,2.56728848,2.10744700,2.27271226,0.33617026,4.43600850,3.34897207,3.42843475,0.34394305
ALPL (249),ALPL,Esophagus/Stomach,0.94167941,0.26752620,1.53626373,0.08171321,1.07423830,0.73954836,0.17182233,-0.13157315
HOXC10 (3226),HOXC10,Esophagus/Stomach,2.99456466,3.33762400,2.15559145,0.65459040,4.97774200,3.66708475,4.31005115,0.31198866
KLHL14 (57565),KLHL14,Esophagus/Stomach,0.50504073,0.02260644,1.16595634,0.00000000,0.19158918,0.08427061,0.01487647,-0.36087982
KCNJ16 (3773),KCNJ16,Esophagus/Stomach,0.24340308,0.01850314,0.81471680,0.00000000,0.06330689,0.16287727,0.01119218,-0.09883901
RAPGEF3 (10411),RAPGEF3,Esophagus/Stomach,1.67323597,1.27217260,1.44649935,0.62440790,2.20550510,1.64011354,1.39628125,-0.02289833
MARVELD1 (83742),MARVELD1,Esophagus/Stomach,4.28904992,4.43210400,1.28343877,3.60456940,5.18298240,4.03639867,4.18878745,-0.19685493
FEZ1 (9638),FEZ1,Esophagus/Stomach,2.45908386,1.78678870,2.23173923,0.41256260,4.20273900,1.96912511,1.02545725,-0.21954122
CALML5 (51806),CALML5,Esophagus/Stomach,0.57379355,0.00000000,1.74029013,0.00000000,0.09948777,0.69183525,0.04172998,0.06782874
CLDN16 (10686),CLDN16,Esophagus/Stomach,0.66574274,0.16066208,1.42892677,0.03506361,0.57728330,0.58030004,0.32253060,-0.05979502
SERPINA3 (12),SERPINA3,Esophagus/Stomach,1.76471819,0.51336545,2.65401693,0.14868425,2.18882180,1.60275915,0.47331879,-0.06102412
HOXD8 (3234),HOXD8,Esophagus/Stomach,1.94622044,1.88650730,1.69670505,0.20149711,3.29872420,1.00434075,0.28144071,-0.55512282
ZDHHC23 (254887),ZDHHC23,Esophagus/Stomach,2.45856015,2.47266980,1.12530045,1.62752280,3.31451820,2.54639477,2.78714515,0.07805437
TIMMDC1 (51300),TIMMDC1,Esophagus/Stomach,6.25792600,6.24570470,0.60440761,5.85699800,6.59990260,6.05975424,6.13905885,-0.32787767
TBX15 (6913),TBX15,Esophagus/Stomach,0.77209435,0.15933597,1.18638661,0.05175770,0.99677414,0.32217913,0.09612750,-0.37923154
DYNC2H1 (79659),DYNC2H1,Esophagus/Stomach,2.76060012,2.88158040,1.25443514,1.95151320,3.64093330,2.63372548,2.59914885,-0.10114086
NTNG1 (22854),NTNG1,Esophagus/Stomach,1.06795260,0.18602380,1.52955793,0.03138531,1.57261810,0.31687131,0.02896462,-0.49104468
IL1R2 (7850),IL1R2,Esophagus/Stomach,0.92068455,0.27355290,1.38858001,0.07397374,1.09176750,1.30650921,0.53193214,0.27785554
MGP (4256),MGP,Esophagus/Stomach,2.17753303,0.70520560,2.81529979,0.22911535,3.43112830,0.90242461,0.32294723,-0.45292101
TNF (7124),TNF,Esophagus/Stomach,0.35391599,0.06979702,0.80389037,0.02145699,0.27337742,0.21306986,0.07170521,-0.17520564
ZNF331 (55422),ZNF331,Esophagus/Stomach,2.88950977,3.15185070,1.46901431,2.32947090,3.80884840,1.79383744,1.89947980,-0.74585545
DNAH14 (127602),DNAH14,Esophagus/Stomach,3.33866744,3.76368780,1.54846964,2.94320490,4.36954300,2.89540330,3.62545325,-0.28625949
CYP4B1 (1580),CYP4B1,Esophagus/Stomach,0.56166836,0.04347190,1.14963368,0.00000000,0.54532490,0.68665501,0.23467835,0.10871868
DCAF12L1 (139170),DCAF12L1,Esophagus/Stomach,0.14193338,0.00000000,0.59184034,0.00000000,0.00865468,0.00661749,0.00000000,-0.22863580
LRRC17 (10234),LRRC17,Esophagus/Stomach,1.49946286,0.55962000,1.97366574,0.22482687,1.98131930,0.62695286,0.43489289,-0.44207587
SHANK1 (50944),SHANK1,Esophagus/Stomach,0.77465129,0.15556403,1.26535870,0.01595708,0.98850584,0.28083377,0.05820217,-0.39025892
MARCHF6 (10299),MARCHF6,Esophagus/Stomach,6.69796290,6.65928200,0.79360480,6.14840300,7.18656000,6.65019672,6.67922780,-0.06018887
ALDH2 (217),ALDH2,Esophagus/Stomach,3.86686934,4.21095750,2.21671839,2.24720140,5.52498800,4.66928384,5.42273080,0.36198306
CDH4 (1002),CDH4,Esophagus/Stomach,0.71195112,0.14999938,1.16273009,0.03258190,0.77052546,0.34887219,0.14877477,-0.31226415
IFFO1 (25900),IFFO1,Esophagus/Stomach,1.67413889,0.61588990,1.76602962,0.19542949,3.40564400,0.53414225,0.24248234,-0.64551388
CBR3 (874),CBR3,Esophagus/Stomach,3.32129026,3.52358700,1.58814080,2.16099430,4.49994800,2.50523158,2.41616260,-0.51384529
SYCP2 (10388),SYCP2,Esophagus/Stomach,1.78780029,1.19942430,1.68058893,0.47392610,2.59054680,1.69125750,1.09612565,-0.05744581
SHANK2 (22941),SHANK2,Esophagus/Stomach,1.46431524,1.19540430,1.42342200,0.09694862,2.56966610,2.28783640,2.31316520,0.57855025
CPAMD8 (27151),CPAMD8,Esophagus/Stomach,0.70949244,0.26911455,1.03299211,0.08746827,0.80575967,0.75512935,0.44845177,0.04417934
TRPV1 (7442),TRPV1,Esophagus/Stomach,1.55601876,1.52615390,0.75287791,0.99249870,2.05755780,1.83600776,1.78886495,0.37189164
TCEAL7 (56849),TCEAL7,Esophagus/Stomach,0.76114671,0.04796269,1.72510131,0.00000000,0.25756827,0.11225521,0.00000000,-0.37614689
SSC5D (284297),SSC5D,Esophagus/Stomach,0.84106399,0.26663545,1.20884005,0.07493147,1.06662650,0.34026048,0.13182874,-0.41428434
PLAAT2 (54979),PLAAT2,Esophagus/Stomach,0.72571059,0.18635476,1.13303484,0.00000000,1.01128800,1.67723606,1.24919860,0.83980247
LDHB (3945),LDHB,Esophagus/Stomach,9.47942335,9.95865800,2.04976819,9.30967400,10.56613900,8.80322754,9.58836850,-0.32988891
SYT8 (90019),SYT8,Esophagus/Stomach,0.91804557,0.28215864,1.37679917,0.03842775,1.24946360,2.07018556,1.20812975,0.83682502
TRPS1 (7227),TRPS1,Esophagus/Stomach,2.36546429,2.28803970,1.63047536,1.14920080,3.27327420,2.12191071,2.24634130,-0.14937581
APOBEC3G (60489),APOBEC3G,Esophagus/Stomach,1.81170537,1.11798080,1.76015360,0.23641670,3.28593040,0.99512563,0.34091722,-0.46392527
SEMA3F (6405),SEMA3F,Esophagus/Stomach,2.63498404,2.39279000,1.75229642,1.14343260,3.97395100,2.95620386,3.11768320,0.18331363
TOP6BL (79703),TOP6BL,Esophagus/Stomach,3.72731574,3.68312380,0.91649827,3.10622260,4.31933600,4.08530651,4.09599470,0.39060714
CRIPTO (6997),CRIPTO,Esophagus/Stomach,0.38529459,0.00000000,1.20582723,0.00000000,0.03991605,0.51314188,0.02052553,0.10602455
LY6G6D (58530),LY6G6D,Esophagus/Stomach,0.36406714,0.00000000,1.15712691,0.00000000,0.11554602,0.25920586,0.00000000,-0.09062211
PPP1R13B (23368),PPP1R13B,Esophagus/Stomach,2.97096244,2.92891600,0.95266592,2.29788400,3.69896300,3.56501970,3.76470315,0.62357353
FFAR4 (338557),FFAR4,Esophagus/Stomach,0.33090152,0.02833858,0.72049140,0.00000000,0.23767017,0.44634990,0.07294316,0.16023560
CRYAB (1410),CRYAB,Esophagus/Stomach,2.77946188,1.35958860,3.02974870,0.46060207,4.70514300,1.50393017,0.65547490,-0.42100248
SLC20A1 (6574),SLC20A1,Esophagus/Stomach,6.16722969,6.13897400,1.08947529,5.36986800,6.80348540,5.59633993,5.48132205,-0.52400431
AMN (81693),AMN,Esophagus/Stomach,1.05613597,0.44628057,1.37651887,0.11066391,1.45792000,2.25967371,1.94957675,0.87433435
MSC (9242),MSC,Esophagus/Stomach,1.60862260,0.42649233,2.02362558,0.04500394,3.12077830,0.48155825,0.06430678,-0.55695300
ZBED2 (79413),ZBED2,Esophagus/Stomach,0.94683765,0.08000404,1.68042585,0.01719504,1.00006500,1.25286862,0.28163787,0.18211513
SMIM29 (221491),SMIM29,Esophagus/Stomach,4.81238774,4.72694000,0.93981521,4.16924330,5.50571000,4.24325080,4.25004865,-0.60558388
HOXB8 (3218),HOXB8,Esophagus/Stomach,1.76743230,1.14210630,1.83241578,0.21833357,2.80729940,1.41574563,0.75137965,-0.19192515
ABLIM1 (3983),ABLIM1,Esophagus/Stomach,4.07281215,4.32445760,1.74670754,2.95995740,5.37191440,4.94723796,5.11436050,0.50061375
STK33 (65975),STK33,Esophagus/Stomach,1.57308443,1.16509510,1.53662845,0.09083040,2.93130680,1.56296385,1.31615615,-0.00658622
ARHGEF40 (55701),ARHGEF40,Esophagus/Stomach,3.31382349,3.48416400,1.40371965,2.33055260,4.37330000,2.97562780,3.03120090,-0.24092823
ZG16B (124220),ZG16B,Esophagus/Stomach,1.52709329,0.62945080,1.87727372,0.13587236,2.41954700,2.17764017,1.49310045,0.34653810
GYG2 (8908),GYG2,Esophagus/Stomach,1.86969861,1.45154610,1.79646695,0.25027400,2.93835740,1.33626144,1.05737620,-0.29693681
LIFR (3977),LIFR,Esophagus/Stomach,2.52362313,2.65774970,1.68370309,1.08818910,3.67300220,2.44586392,2.45204630,-0.04618344
EDA2R (60401),EDA2R,Esophagus/Stomach,0.92379128,0.07957678,1.36836761,0.01384955,1.69069860,0.19139840,0.01614467,-0.53523108
IL24 (11009),IL24,Esophagus/Stomach,0.82998000,0.12745896,1.65164900,0.02772026,0.66852040,0.41067255,0.07794297,-0.25387201
EGFLAM (133584),EGFLAM,Esophagus/Stomach,0.95652778,0.11118626,1.69869009,0.01561603,0.77837850,0.81109367,0.06876890,-0.08561544
CACNA2D1 (781),CACNA2D1,Esophagus/Stomach,2.16082831,2.17623330,1.84517369,0.18795520,3.58927200,1.66418573,1.33488905,-0.26915763
PDGFRA (5156),PDGFRA,Esophagus/Stomach,1.17397493,0.25239265,1.91806948,0.05655301,1.26155480,1.07273961,0.11714216,-0.05277980
ALX4 (60529),ALX4,Esophagus/Stomach,0.55035024,0.06938184,0.99319676,0.01259156,0.61425567,0.33271409,0.03562105,-0.21912692
FBXO34 (55030),FBXO34,Esophagus/Stomach,4.08394603,4.03242730,0.63149958,3.63156990,4.48085300,4.37679171,4.33030750,0.46373061
MEGF10 (84466),MEGF10,Esophagus/Stomach,0.48251050,0.10180066,0.90981753,0.01134106,0.38185260,0.09340240,0.01788842,-0.42767707
PLBD1 (79887),PLBD1,Esophagus/Stomach,2.53850410,2.02325530,2.30559547,0.32315212,4.47331300,4.34709616,4.83228110,0.78443599
MPIG6B (80739),MPIG6B,Esophagus/Stomach,0.23578608,0.11181656,0.33732712,0.01069249,0.31544915,0.30333688,0.18251043,0.20025309
RHOJ (57381),RHOJ,Esophagus/Stomach,1.16578934,0.11572978,1.74068101,0.00729598,2.03239370,0.24597899,0.02032190,-0.52841982
LPAR6 (10161),LPAR6,Esophagus/Stomach,1.56882315,1.10301410,1.59580576,0.12971823,2.75121100,1.79881110,1.67382540,0.14412026
PIEZO2 (63895),PIEZO2,Esophagus/Stomach,1.09731113,0.19458888,1.57484099,0.03553383,1.78314650,0.48545846,0.10168812,-0.38851710
NES (10763),NES,Esophagus/Stomach,2.62597634,2.06029990,2.24897654,0.60303736,4.42879250,1.80470156,1.23367550,-0.36517712
VSTM4 (196740),VSTM4,Esophagus/Stomach,0.51524758,0.02806837,0.92543263,0.00351445,0.56939680,0.12078036,0.00562058,-0.42625167
SLC43A3 (29015),SLC43A3,Esophagus/Stomach,3.77334737,4.15590300,2.68569259,0.64724725,6.20369430,2.26338973,1.06382670,-0.56222281
URAD (646625),URAD,Esophagus/Stomach,0.10583533,0.00000000,0.48862585,0.00000000,0.00000000,0.08408432,0.00000000,-0.04451465
PXK (54899),PXK,Esophagus/Stomach,3.32868676,3.21653560,1.05735577,2.56976820,4.01270300,2.76955782,2.68835525,-0.52879925
TRIB2 (28951),TRIB2,Esophagus/Stomach,3.88761409,3.88982400,2.17994665,2.27867170,5.66515700,2.57573778,2.76707625,-0.60179285
TMEM62 (80021),TMEM62,Esophagus/Stomach,3.60602178,3.66047240,1.02127913,3.10931700,4.23906950,3.73681166,3.72659495,0.12806478
AZGP1 (563),AZGP1,Esophagus/Stomach,2.11882567,0.67035270,2.66655780,0.17978619,3.65260120,1.74461757,0.51368112,-0.14033377
SUSD3 (203328),SUSD3,Esophagus/Stomach,0.92984259,0.28436488,1.34958671,0.06146654,1.28568040,1.11004186,0.40343924,0.13352182
PYM1 (84305),PYM1,Esophagus/Stomach,4.82269038,4.81174850,0.58444721,4.42878600,5.26301570,4.97574289,5.02278230,0.26187567
CORO2B (10391),CORO2B,Esophagus/Stomach,1.19606684,0.54131263,1.37545653,0.08299410,1.96595050,0.43470719,0.13785744,-0.55353232
GUCA2A (2980),GUCA2A,Esophagus/Stomach,0.24556503,0.00000000,0.85097724,0.00000000,0.00000000,0.33926688,0.00000000,0.11011087
BCL2L13 (23786),BCL2L13,Esophagus/Stomach,5.30728528,5.27940460,0.77111664,4.76277900,5.79177240,5.16931605,5.17673660,-0.17892134
ADPRHL1 (113622),ADPRHL1,Esophagus/Stomach,1.96312086,1.90662520,1.16962783,0.97177935,2.77836630,2.26180938,2.35470635,0.25537056
XG (7499),XG,Esophagus/Stomach,0.55816368,0.05445121,1.25649780,0.00000000,0.32575250,0.35054963,0.04974745,-0.16523232
EPB41L3 (23136),EPB41L3,Esophagus/Stomach,2.08505129,0.73136747,2.29290828,0.14065040,4.29145600,0.85019939,0.14412444,-0.53855268
IRX5 (10265),IRX5,Esophagus/Stomach,1.71305520,1.45977780,1.27790127,0.78219130,2.40735270,1.27359673,1.17515970,-0.34389078
PROS1 (5627),PROS1,Esophagus/Stomach,3.09462713,3.15819480,1.94304029,1.45495500,4.60446900,2.31545182,2.24293575,-0.40100831
ALX1 (8092),ALX1,Esophagus/Stomach,1.19328700,0.22591160,1.57943644,0.00000000,2.22236560,0.36176213,0.02782271,-0.52646934
RUBCNL (80183),RUBCNL,Esophagus/Stomach,1.10978431,0.43089542,1.49291542,0.09936658,1.45252170,0.53758296,0.11711973,-0.38327780
RHOH (399),RHOH,Esophagus/Stomach,0.55713060,0.09999265,1.26642682,0.02016151,0.32394415,0.25528638,0.07676144,-0.23834320
ABCB1 (5243),ABCB1,Esophagus/Stomach,1.18226651,0.32060250,1.78122308,0.07518484,1.47133310,0.40253188,0.13535519,-0.43775237
INKA1 (389119),INKA1,Esophagus/Stomach,1.21045397,0.97520316,1.03164174,0.38228430,1.79071370,1.12223903,0.83577018,-0.08550928
FCMR (9214),FCMR,Esophagus/Stomach,1.68438530,1.31338510,1.53766907,0.45058048,2.57200200,0.97555234,0.58718702,-0.46097887
CCDC106 (29903),CCDC106,Esophagus/Stomach,3.19521719,3.40623040,1.29904842,2.45587830,4.07424830,2.48921642,2.56098450,-0.54347533
SNCA (6622),SNCA,Esophagus/Stomach,2.56815304,1.79748200,2.58049631,0.18418634,4.51618530,1.75653385,0.31404525,-0.31452058
GFRA2 (2675),GFRA2,Esophagus/Stomach,0.35645641,0.02416363,0.97619723,0.00000000,0.11635145,0.08866720,0.01471873,-0.27431875
CPEB1 (64506),CPEB1,Esophagus/Stomach,1.46270582,0.99221810,1.46759501,0.06798834,2.77650400,0.73814910,0.05555407,-0.49370345
LYPLAL1 (127018),LYPLAL1,Lung,4.71051726,4.86752100,1.09258843,4.44985200,5.27467900,4.87321701,4.92404270,0.14891220
SOX17 (64321),SOX17,Lung,0.36648495,0.00000000,1.24090767,0.00000000,0.03106201,0.08813260,0.00000000,-0.22431351
HOXA9 (3205),HOXA9,Lung,1.88537353,0.84417510,2.13032865,0.16674887,3.29450150,1.77510584,0.97615904,-0.05176088
LGSN (51557),LGSN,Lung,0.40139557,0.02081295,0.90285804,0.00000000,0.16066982,1.19795273,0.62312615,0.88226179
TMEM101 (84336),TMEM101,Lung,4.79333092,4.97467140,1.09750255,4.56881050,5.32815800,4.84687357,4.88419250,0.04878589
RANBP17 (64901),RANBP17,Lung,2.27760018,2.68102200,1.37180836,1.22634210,3.28352620,3.03747207,3.18962050,0.55391985
ELOVL5 (60481),ELOVL5,Lung,6.35346724,6.67406500,1.54781237,6.12671700,7.19303230,6.71416799,6.68799830,0.23303907
LRRN4 (164312),LRRN4,Lung,0.40881245,0.06661966,0.91755133,0.01939876,0.31749856,0.48929438,0.12678921,0.08771382
TFPT (29844),TFPT,Lung,4.28305255,4.30066540,0.80433224,3.74660300,4.80569000,4.03077283,4.12616350,-0.31365113
INA (9118),INA,Lung,1.50446762,0.15926103,2.11988863,0.02103761,2.93104200,3.21848449,3.83195830,0.80854099
CCL28 (56477),CCL28,Lung,2.04631124,1.97959000,1.73652083,0.21946532,3.49595100,1.96875828,1.90756750,-0.04465997
PAX8 (7849),PAX8,Lung,1.83889306,1.42740770,1.80849891,0.40858904,2.55489090,1.41770388,1.26133820,-0.23289435
GRIN2B (2904),GRIN2B,Lung,0.16501718,0.00539568,0.37385967,0.00075145,0.09275545,0.10752011,0.00297321,-0.15379318
FOXG1 (2290),FOXG1,Lung,1.21060278,0.05898002,1.89434834,0.00725866,2.13046960,1.67810399,0.17883190,0.24678735
FOXA1 (3169),FOXA1,Lung,2.56728848,2.10744700,2.27271226,0.33617026,4.43600850,4.01999056,4.28289180,0.63919313
ALPL (249),ALPL,Lung,0.94167941,0.26752620,1.53626373,0.08171321,1.07423830,0.79326592,0.31665900,-0.09660678
HOXC10 (3226),HOXC10,Lung,2.99456466,3.33762400,2.15559145,0.65459040,4.97774200,2.18714224,1.37126330,-0.37457117
KLHL14 (57565),KLHL14,Lung,0.50504073,0.02260644,1.16595634,0.00000000,0.19158918,0.72836622,0.03194139,0.19153847
KCNJ16 (3773),KCNJ16,Lung,0.24340308,0.01850314,0.81471680,0.00000000,0.06330689,0.20595500,0.02388695,-0.04596454
RAPGEF3 (10411),RAPGEF3,Lung,1.67323597,1.27217260,1.44649935,0.62440790,2.20550510,1.33952863,1.03310230,-0.23069996
MARVELD1 (83742),MARVELD1,Lung,4.28904992,4.43210400,1.28343877,3.60456940,5.18298240,4.15358121,4.26608200,-0.10555137
FEZ1 (9638),FEZ1,Lung,2.45908386,1.78678870,2.23173923,0.41256260,4.20273900,2.14221153,1.24392500,-0.14198448
CALML5 (51806),CALML5,Lung,0.57379355,0.00000000,1.74029013,0.00000000,0.09948777,0.33087256,0.02545551,-0.13958649
CLDN16 (10686),CLDN16,Lung,0.66574274,0.16066208,1.42892677,0.03506361,0.57728330,0.44565696,0.12146240,-0.15402173
SERPINA3 (12),SERPINA3,Lung,1.76471819,0.51336545,2.65401693,0.14868425,2.18882180,0.91133007,0.27098215,-0.32154585
HOXD8 (3234),HOXD8,Lung,1.94622044,1.88650730,1.69670505,0.20149711,3.29872420,1.86465598,1.45709510,-0.04807227
ZDHHC23 (254887),ZDHHC23,Lung,2.45856015,2.47266980,1.12530045,1.62752280,3.31451820,3.06398217,3.09254240,0.53800922
TIMMDC1 (51300),TIMMDC1,Lung,6.25792600,6.24570470,0.60440761,5.85699800,6.59990260,6.13490800,6.14395480,-0.20353483
TBX15 (6913),TBX15,Lung,0.77209435,0.15933597,1.18638661,0.05175770,0.99677414,0.66313066,0.21562642,-0.09184501
DYNC2H1 (79659),DYNC2H1,Lung,2.76060012,2.88158040,1.25443514,1.95151320,3.64093330,2.83826921,2.90511800,0.06191558
NTNG1 (22854),NTNG1,Lung,1.06795260,0.18602380,1.52955793,0.03138531,1.57261810,0.94810354,0.31508157,-0.07835535
IL1R2 (7850),IL1R2,Lung,0.92068455,0.27355290,1.38858001,0.07397374,1.09176750,0.71199129,0.19674300,-0.15029258
MGP (4256),MGP,Lung,2.17753303,0.70520560,2.81529979,0.22911535,3.43112830,1.03843885,0.27894583,-0.40460848
TNF (7124),TNF,Lung,0.35391599,0.06979702,0.80389037,0.02145699,0.27337742,0.26351570,0.08020603,-0.11245351
ZNF331 (55422),ZNF331,Lung,2.88950977,3.15185070,1.46901431,2.32947090,3.80884840,3.64272717,3.62952000,0.51273659
DNAH14 (127602),DNAH14,Lung,3.33866744,3.76368780,1.54846964,2.94320490,4.36954300,4.07593360,4.14733100,0.47612568
CYP4B1 (1580),CYP4B1,Lung,0.56166836,0.04347190,1.14963368,0.00000000,0.54532490,0.55102382,0.07755612,-0.00925907
DCAF12L1 (139170),DCAF12L1,Lung,0.14193338,0.00000000,0.59184034,0.00000000,0.00865468,0.09632952,0.00000000,-0.07705432
LRRC17 (10234),LRRC17,Lung,1.49946286,0.55962000,1.97366574,0.22482687,1.98131930,0.75166396,0.40966573,-0.37888832
SHANK1 (50944),SHANK1,Lung,0.77465129,0.15556403,1.26535870,0.01595708,0.98850584,0.81809178,0.13782613,0.03433057
MARCHF6 (10299),MARCHF6,Lung,6.69796290,6.65928200,0.79360480,6.14840300,7.18656000,7.27354012,7.24895240,0.72526932
ALDH2 (217),ALDH2,Lung,3.86686934,4.21095750,2.21671839,2.24720140,5.52498800,4.24306663,4.51162000,0.16970910
CDH4 (1002),CDH4,Lung,0.71195112,0.14999938,1.16273009,0.03258190,0.77052546,0.79003989,0.22009960,0.06715984
IFFO1 (25900),IFFO1,Lung,1.67413889,0.61588990,1.76602962,0.19542949,3.40564400,0.69901035,0.27299303,-0.55215865
CBR3 (874),CBR3,Lung,3.32129026,3.52358700,1.58814080,2.16099430,4.49994800,3.07457829,3.14398430,-0.15534641
SYCP2 (10388),SYCP2,Lung,1.78780029,1.19942430,1.68058893,0.47392610,2.59054680,2.05151729,1.50242220,0.15691939
SHANK2 (22941),SHANK2,Lung,1.46431524,1.19540430,1.42342200,0.09694862,2.56966610,1.83822578,1.91888620,0.26268424
CPAMD8 (27151),CPAMD8,Lung,0.70949244,0.26911455,1.03299211,0.08746827,0.80575967,0.78259497,0.28452834,0.07076776
TRPV1 (7442),TRPV1,Lung,1.55601876,1.52615390,0.75287791,0.99249870,2.05755780,1.87340316,1.83268340,0.42156157
TCEAL7 (56849),TCEAL7,Lung,0.76114671,0.04796269,1.72510131,0.00000000,0.25756827,0.60378113,0.07907973,-0.09122107
SSC5D (284297),SSC5D,Lung,0.84106399,0.26663545,1.20884005,0.07493147,1.06662650,0.58260519,0.26663545,-0.21380728
PLAAT2 (54979),PLAAT2,Lung,0.72571059,0.18635476,1.13303484,0.00000000,1.01128800,0.55529699,0.19261838,-0.15040455
LDHB (3945),LDHB,Lung,9.47942335,9.95865800,2.04976819,9.30967400,10.56613900,9.84995381,9.98611300,0.18076701
SYT8 (90019),SYT8,Lung,0.91804557,0.28215864,1.37679917,0.03842775,1.24946360,0.76296010,0.25556720,-0.11264204
TRPS1 (7227),TRPS1,Lung,2.36546429,2.28803970,1.63047536,1.14920080,3.27327420,2.01286086,1.96804290,-0.21625806
APOBEC3G (60489),APOBEC3G,Lung,1.81170537,1.11798080,1.76015360,0.23641670,3.28593040,1.27410820,0.55756205,-0.30542628
SEMA3F (6405),SEMA3F,Lung,2.63498404,2.39279000,1.75229642,1.14343260,3.97395100,2.55713926,2.17677600,-0.04442444
TOP6BL (79703),TOP6BL,Lung,3.72731574,3.68312380,0.91649827,3.10622260,4.31933600,4.12978838,4.14004230,0.43914173
CRIPTO (6997),CRIPTO,Lung,0.38529459,0.00000000,1.20582723,0.00000000,0.03991605,0.05826936,0.00000000,-0.27120405
LY6G6D (58530),LY6G6D,Lung,0.36406714,0.00000000,1.15712691,0.00000000,0.11554602,0.11508534,0.00000000,-0.21517242
PPP1R13B (23368),PPP1R13B,Lung,2.97096244,2.92891600,0.95266592,2.29788400,3.69896300,3.37288997,3.36282900,0.42189767
FFAR4 (338557),FFAR4,Lung,0.33090152,0.02833858,0.72049140,0.00000000,0.23767017,0.38915480,0.08958357,0.08085215
CRYAB (1410),CRYAB,Lung,2.77946188,1.35958860,3.02974870,0.46060207,4.70514300,1.35968128,0.58138690,-0.46861332
SLC20A1 (6574),SLC20A1,Lung,6.16722969,6.13897400,1.08947529,5.36986800,6.80348540,6.30069612,6.34546380,0.12250524
AMN (81693),AMN,Lung,1.05613597,0.44628057,1.37651887,0.11066391,1.45792000,1.05403437,0.70612824,-0.00152675
MSC (9242),MSC,Lung,1.60862260,0.42649233,2.02362558,0.04500394,3.12077830,1.22857799,0.18191671,-0.18780382
ZBED2 (79413),ZBED2,Lung,0.94683765,0.08000404,1.68042585,0.01719504,1.00006500,1.00271471,0.13693290,0.03325173
SMIM29 (221491),SMIM29,Lung,4.81238774,4.72694000,0.93981521,4.16924330,5.50571000,4.47793871,4.50631600,-0.35586679
HOXB8 (3218),HOXB8,Lung,1.76743230,1.14210630,1.83241578,0.21833357,2.80729940,1.60335990,0.85072980,-0.08953885
ABLIM1 (3983),ABLIM1,Lung,4.07281215,4.32445760,1.74670754,2.95995740,5.37191440,4.25753072,4.58365730,0.10575243
STK33 (65975),STK33,Lung,1.57308443,1.16509510,1.53662845,0.09083040,2.93130680,2.36793223,2.58120180,0.51726739
ARHGEF40 (55701),ARHGEF40,Lung,3.31382349,3.48416400,1.40371965,2.33055260,4.37330000,2.89710502,2.81724050,-0.29686731
ZG16B (124220),ZG16B,Lung,1.52709329,0.62945080,1.87727372,0.13587236,2.41954700,1.35480350,0.62945080,-0.09177659
GYG2 (8908),GYG2,Lung,1.86969861,1.45154610,1.79646695,0.25027400,2.93835740,1.14468413,0.49279150,-0.40357797
LIFR (3977),LIFR,Lung,2.52362313,2.65774970,1.68370309,1.08818910,3.67300220,3.25554286,3.29437800,0.43470831
EDA2R (60401),EDA2R,Lung,0.92379128,0.07957678,1.36836761,0.01384955,1.69069860,0.56021810,0.04413809,-0.26569847
IL24 (11009),IL24,Lung,0.82998000,0.12745896,1.65164900,0.02772026,0.66852040,0.53926561,0.10076644,-0.17601463
EGFLAM (133584),EGFLAM,Lung,0.95652778,0.11118626,1.69869009,0.01561603,0.77837850,0.66763051,0.10315518,-0.17007061
CACNA2D1 (781),CACNA2D1,Lung,2.16082831,2.17623330,1.84517369,0.18795520,3.58927200,2.89068598,2.86734900,0.39554957
PDGFRA (5156),PDGFRA,Lung,1.17397493,0.25239265,1.91806948,0.05655301,1.26155480,0.60488307,0.13852093,-0.29670033
ALX4 (60529),ALX4,Lung,0.55035024,0.06938184,0.99319676,0.01259156,0.61425567,0.46256627,0.06489664,-0.08838528
FBXO34 (55030),FBXO34,Lung,4.08394603,4.03242730,0.63149958,3.63156990,4.48085300,4.29975146,4.28212830,0.34173488
MEGF10 (84466),MEGF10,Lung,0.48251050,0.10180066,0.90981753,0.01134106,0.38185260,0.21357450,0.08948595,-0.29559333
PLBD1 (79887),PLBD1,Lung,2.53850410,2.02325530,2.30559547,0.32315212,4.47331300,2.57707840,2.27374550,0.01673073
MPIG6B (80739),MPIG6B,Lung,0.23578608,0.11181656,0.33732712,0.01069249,0.31544915,0.25953100,0.16058852,0.07039135
RHOJ (57381),RHOJ,Lung,1.16578934,0.11572978,1.74068101,0.00729598,2.03239370,0.45100474,0.01929911,-0.41063503
LPAR6 (10161),LPAR6,Lung,1.56882315,1.10301410,1.59580576,0.12971823,2.75121100,0.90164701,0.20212680,-0.41808105
PIEZO2 (63895),PIEZO2,Lung,1.09731113,0.19458888,1.57484099,0.03553383,1.78314650,0.80186838,0.12352318,-0.18760163
NES (10763),NES,Lung,2.62597634,2.06029990,2.24897654,0.60303736,4.42879250,1.87093495,1.31985490,-0.33572666
VSTM4 (196740),VSTM4,Lung,0.51524758,0.02806837,0.92543263,0.00351445,0.56939680,0.45164871,0.04995551,-0.06872338
SLC43A3 (29015),SLC43A3,Lung,3.77334737,4.15590300,2.68569259,0.64724725,6.20369430,3.43462226,4.00093750,-0.12612207
URAD (646625),URAD,Lung,0.10583533,0.00000000,0.48862585,0.00000000,0.00000000,0.00573237,0.00000000,-0.20486629
PXK (54899),PXK,Lung,3.32868676,3.21653560,1.05735577,2.56976820,4.01270300,2.91232684,2.81256600,-0.39377467
TRIB2 (28951),TRIB2,Lung,3.88761409,3.88982400,2.17994665,2.27867170,5.66515700,3.41392871,3.57983180,-0.21729219
TMEM62 (80021),TMEM62,Lung,3.60602178,3.66047240,1.02127913,3.10931700,4.23906950,3.84147838,3.85597970,0.23055068
AZGP1 (563),AZGP1,Lung,2.11882567,0.67035270,2.66655780,0.17978619,3.65260120,1.74503679,0.52972900,-0.14017656
SUSD3 (203328),SUSD3,Lung,0.92984259,0.28436488,1.34958671,0.06146654,1.28568040,0.85988822,0.41969204,-0.05183392
PYM1 (84305),PYM1,Lung,4.82269038,4.81174850,0.58444721,4.42878600,5.26301570,4.91104390,4.87549500,0.15117449
CORO2B (10391),CORO2B,Lung,1.19606684,0.54131263,1.37545653,0.08299410,1.96595050,1.10651069,0.54089030,-0.06511013
GUCA2A (2980),GUCA2A,Lung,0.24556503,0.00000000,0.85097724,0.00000000,0.00000000,0.07088526,0.00000000,-0.20526962
BCL2L13 (23786),BCL2L13,Lung,5.30728528,5.27940460,0.77111664,4.76277900,5.79177240,5.18806090,5.16935200,-0.15461264
ADPRHL1 (113622),ADPRHL1,Lung,1.96312086,1.90662520,1.16962783,0.97177935,2.77836630,2.51533719,2.50667050,0.47212995
XG (7499),XG,Lung,0.55816368,0.05445121,1.25649780,0.00000000,0.32575250,0.39643002,0.03598419,-0.12871782
EPB41L3 (23136),EPB41L3,Lung,2.08505129,0.73136747,2.29290828,0.14065040,4.29145600,2.52669078,1.26790130,0.19261106
IRX5 (10265),IRX5,Lung,1.71305520,1.45977780,1.27790127,0.78219130,2.40735270,1.60437864,1.46935990,-0.08504300
PROS1 (5627),PROS1,Lung,3.09462713,3.15819480,1.94304029,1.45495500,4.60446900,2.76689679,2.83529950,-0.16866883
ALX1 (8092),ALX1,Lung,1.19328700,0.22591160,1.57943644,0.00000000,2.22236560,0.78154128,0.21886794,-0.26069154
RUBCNL (80183),RUBCNL,Lung,1.10978431,0.43089542,1.49291542,0.09936658,1.45252170,0.49613923,0.20169157,-0.41103807
RHOH (399),RHOH,Lung,0.55713060,0.09999265,1.26642682,0.02016151,0.32394415,0.46512042,0.15864983,-0.07265337
ABCB1 (5243),ABCB1,Lung,1.18226651,0.32060250,1.78122308,0.07518484,1.47133310,0.89795248,0.20083576,-0.15961730
INKA1 (389119),INKA1,Lung,1.21045397,0.97520316,1.03164174,0.38228430,1.79071370,0.91757940,0.70749120,-0.28389173
FCMR (9214),FCMR,Lung,1.68438530,1.31338510,1.53766907,0.45058048,2.57200200,1.47637443,1.27772300,-0.13527674
CCDC106 (29903),CCDC106,Lung,3.19521719,3.40623040,1.29904842,2.45587830,4.07424830,3.25904867,3.40623040,0.04913710
SNCA (6622),SNCA,Lung,2.56815304,1.79748200,2.58049631,0.18418634,4.51618530,2.59306517,2.44202260,0.00965401
GFRA2 (2675),GFRA2,Lung,0.35645641,0.02416363,0.97619723,0.00000000,0.11635145,0.23473731,0.02474661,-0.12468699
CPEB1 (64506),CPEB1,Lung,1.46270582,0.99221810,1.46759501,0.06798834,2.77650400,1.16287413,0.50172037,-0.20430138
LYPLAL1 (127018),LYPLAL1,Ovary/Fallopian Tube,4.71051726,4.86752100,1.09258843,4.44985200,5.27467900,2.81457543,3.80923480,-1.73527539
SOX17 (64321),SOX17,Ovary/Fallopian Tube,0.36648495,0.00000000,1.24090767,0.00000000,0.03106201,3.25325929,4.05770430,2.32634094
HOXA9 (3205),HOXA9,Ovary/Fallopian Tube,1.88537353,0.84417510,2.13032865,0.16674887,3.29450150,1.90870431,1.04954745,0.01095173
LGSN (51557),LGSN,Ovary/Fallopian Tube,0.40139557,0.02081295,0.90285804,0.00000000,0.16066982,0.28799686,0.02476379,-0.12559971
TMEM101 (84336),TMEM101,Ovary/Fallopian Tube,4.79333092,4.97467140,1.09750255,4.56881050,5.32815800,3.75745295,4.63717670,-0.94385016
RANBP17 (64901),RANBP17,Ovary/Fallopian Tube,2.27760018,2.68102200,1.37180836,1.22634210,3.28352620,2.73069135,2.96977620,0.33028751
ELOVL5 (60481),ELOVL5,Ovary/Fallopian Tube,6.35346724,6.67406500,1.54781237,6.12671700,7.19303230,6.18466951,6.40904300,-0.10905568
LRRN4 (164312),LRRN4,Ovary/Fallopian Tube,0.40881245,0.06661966,0.91755133,0.01939876,0.31749856,1.75515344,0.90897430,1.46731953
TFPT (29844),TFPT,Ovary/Fallopian Tube,4.28305255,4.30066540,0.80433224,3.74660300,4.80569000,4.45097433,4.32588630,0.20877166
INA (9118),INA,Ovary/Fallopian Tube,1.50446762,0.15926103,2.11988863,0.02103761,2.93104200,1.68793701,1.41550025,0.08654671
CCL28 (56477),CCL28,Ovary/Fallopian Tube,2.04631124,1.97959000,1.73652083,0.21946532,3.49595100,2.28488333,2.02596530,0.13738510
PAX8 (7849),PAX8,Ovary/Fallopian Tube,1.83889306,1.42740770,1.80849891,0.40858904,2.55489090,5.55860339,6.63446565,2.05679433
GRIN2B (2904),GRIN2B,Ovary/Fallopian Tube,0.16501718,0.00539568,0.37385967,0.00075145,0.09275545,0.27875311,0.07845057,0.30422092
FOXG1 (2290),FOXG1,Ovary/Fallopian Tube,1.21060278,0.05898002,1.89434834,0.00725866,2.13046960,1.41813172,0.73075612,0.10955163
FOXA1 (3169),FOXA1,Ovary/Fallopian Tube,2.56728848,2.10744700,2.27271226,0.33617026,4.43600850,2.02150181,1.99698880,-0.24014772
ALPL (249),ALPL,Ovary/Fallopian Tube,0.94167941,0.26752620,1.53626373,0.08171321,1.07423830,1.21044148,0.43462099,0.17494527
HOXC10 (3226),HOXC10,Ovary/Fallopian Tube,2.99456466,3.33762400,2.15559145,0.65459040,4.97774200,2.64001881,2.62864165,-0.16447729
KLHL14 (57565),KLHL14,Ovary/Fallopian Tube,0.50504073,0.02260644,1.16595634,0.00000000,0.19158918,2.18767024,2.07052325,1.44313251
KCNJ16 (3773),KCNJ16,Ovary/Fallopian Tube,0.24340308,0.01850314,0.81471680,0.00000000,0.06330689,1.60872930,0.34946553,1.67582919
RAPGEF3 (10411),RAPGEF3,Ovary/Fallopian Tube,1.67323597,1.27217260,1.44649935,0.62440790,2.20550510,4.14004279,4.72924215,1.70536323
MARVELD1 (83742),MARVELD1,Ovary/Fallopian Tube,4.28904992,4.43210400,1.28343877,3.60456940,5.18298240,3.75355169,4.17294955,-0.41723707
FEZ1 (9638),FEZ1,Ovary/Fallopian Tube,2.45908386,1.78678870,2.23173923,0.41256260,4.20273900,1.66656710,1.35818250,-0.35511172
CALML5 (51806),CALML5,Ovary/Fallopian Tube,0.57379355,0.00000000,1.74029013,0.00000000,0.09948777,0.10081907,0.01144736,-0.27177909
CLDN16 (10686),CLDN16,Ovary/Fallopian Tube,0.66574274,0.16066208,1.42892677,0.03506361,0.57728330,3.70154806,3.35915485,2.12453525
SERPINA3 (12),SERPINA3,Ovary/Fallopian Tube,1.76471819,0.51336545,2.65401693,0.14868425,2.18882180,0.77007631,0.41973993,-0.37476847
HOXD8 (3234),HOXD8,Ovary/Fallopian Tube,1.94622044,1.88650730,1.69670505,0.20149711,3.29872420,2.28272237,2.28401840,0.19832671
ZDHHC23 (254887),ZDHHC23,Ovary/Fallopian Tube,2.45856015,2.47266980,1.12530045,1.62752280,3.31451820,2.30651916,2.30933190,-0.13511147
TIMMDC1 (51300),TIMMDC1,Ovary/Fallopian Tube,6.25792600,6.24570470,0.60440761,5.85699800,6.59990260,6.36744542,6.44425285,0.18120125
TBX15 (6913),TBX15,Ovary/Fallopian Tube,0.77209435,0.15933597,1.18638661,0.05175770,0.99677414,0.86335835,0.27259363,0.07692602
DYNC2H1 (79659),DYNC2H1,Ovary/Fallopian Tube,2.76060012,2.88158040,1.25443514,1.95151320,3.64093330,3.12446790,3.14866625,0.29006503
NTNG1 (22854),NTNG1,Ovary/Fallopian Tube,1.06795260,0.18602380,1.52955793,0.03138531,1.57261810,1.70084492,1.26438975,0.41377467
IL1R2 (7850),IL1R2,Ovary/Fallopian Tube,0.92068455,0.27355290,1.38858001,0.07397374,1.09176750,2.08267598,1.59367600,0.83681992
MGP (4256),MGP,Ovary/Fallopian Tube,2.17753303,0.70520560,2.81529979,0.22911535,3.43112830,0.85724938,0.44367451,-0.46896734
TNF (7124),TNF,Ovary/Fallopian Tube,0.35391599,0.06979702,0.80389037,0.02145699,0.27337742,1.60949116,1.20333130,1.56187360
ZNF331 (55422),ZNF331,Ovary/Fallopian Tube,2.88950977,3.15185070,1.46901431,2.32947090,3.80884840,3.02395559,3.29060545,0.09152111
DNAH14 (127602),DNAH14,Ovary/Fallopian Tube,3.33866744,3.76368780,1.54846964,2.94320490,4.36954300,3.84214304,3.96957180,0.32514399
CYP4B1 (1580),CYP4B1,Ovary/Fallopian Tube,0.56166836,0.04347190,1.14963368,0.00000000,0.54532490,0.60449857,0.18009857,0.03725553
DCAF12L1 (139170),DCAF12L1,Ovary/Fallopian Tube,0.14193338,0.00000000,0.59184034,0.00000000,0.00865468,1.05808571,0.11042348,1.54797208
LRRC17 (10234),LRRC17,Ovary/Fallopian Tube,1.49946286,0.55962000,1.97366574,0.22482687,1.98131930,1.17608743,0.56890173,-0.16384509
SHANK1 (50944),SHANK1,Ovary/Fallopian Tube,0.77465129,0.15556403,1.26535870,0.01595708,0.98850584,0.75112989,0.14048257,-0.01858872
MARCHF6 (10299),MARCHF6,Ovary/Fallopian Tube,6.69796290,6.65928200,0.79360480,6.14840300,7.18656000,6.47002209,6.37465380,-0.28722205
ALDH2 (217),ALDH2,Ovary/Fallopian Tube,3.86686934,4.21095750,2.21671839,2.24720140,5.52498800,3.84569681,4.03109030,-0.00955129
CDH4 (1002),CDH4,Ovary/Fallopian Tube,0.71195112,0.14999938,1.16273009,0.03258190,0.77052546,0.49218889,0.08585628,-0.18900537
IFFO1 (25900),IFFO1,Ovary/Fallopian Tube,1.67413889,0.61588990,1.76602962,0.19542949,3.40564400,0.79502534,0.44547711,-0.49779094
CBR3 (874),CBR3,Ovary/Fallopian Tube,3.32129026,3.52358700,1.58814080,2.16099430,4.49994800,1.95838117,1.72513210,-0.85817900
SYCP2 (10388),SYCP2,Ovary/Fallopian Tube,1.78780029,1.19942430,1.68058893,0.47392610,2.59054680,1.88968498,1.68414330,0.06062440
SHANK2 (22941),SHANK2,Ovary/Fallopian Tube,1.46431524,1.19540430,1.42342200,0.09694862,2.56966610,1.91120708,1.95684625,0.31395597
CPAMD8 (27151),CPAMD8,Ovary/Fallopian Tube,0.70949244,0.26911455,1.03299211,0.08746827,0.80575967,0.97035553,0.59496170,0.25253154
TRPV1 (7442),TRPV1,Ovary/Fallopian Tube,1.55601876,1.52615390,0.75287791,0.99249870,2.05755780,1.71942735,1.77219115,0.21704527
TCEAL7 (56849),TCEAL7,Ovary/Fallopian Tube,0.76114671,0.04796269,1.72510131,0.00000000,0.25756827,0.31002385,0.04810223,-0.26150514
SSC5D (284297),SSC5D,Ovary/Fallopian Tube,0.84106399,0.26663545,1.20884005,0.07493147,1.06662650,0.81093231,0.38051359,-0.02492611
PLAAT2 (54979),PLAAT2,Ovary/Fallopian Tube,0.72571059,0.18635476,1.13303484,0.00000000,1.01128800,0.71795593,0.26804287,-0.00684414
LDHB (3945),LDHB,Ovary/Fallopian Tube,9.47942335,9.95865800,2.04976819,9.30967400,10.56613900,9.50179522,9.88245350,0.01091434
SYT8 (90019),SYT8,Ovary/Fallopian Tube,0.91804557,0.28215864,1.37679917,0.03842775,1.24946360,1.13084286,0.45701131,0.15455943
TRPS1 (7227),TRPS1,Ovary/Fallopian Tube,2.36546429,2.28803970,1.63047536,1.14920080,3.27327420,2.36540030,2.15211200,-0.00003924
APOBEC3G (60489),APOBEC3G,Ovary/Fallopian Tube,1.81170537,1.11798080,1.76015360,0.23641670,3.28593040,1.39079441,0.91108495,-0.23913308
SEMA3F (6405),SEMA3F,Ovary/Fallopian Tube,2.63498404,2.39279000,1.75229642,1.14343260,3.97395100,3.78961335,4.11484190,0.65892351
TOP6BL (79703),TOP6BL,Ovary/Fallopian Tube,3.72731574,3.68312380,0.91649827,3.10622260,4.31933600,3.76298294,3.81240175,0.03891683
CRIPTO (6997),CRIPTO,Ovary/Fallopian Tube,0.38529459,0.00000000,1.20582723,0.00000000,0.03991605,0.41519094,0.00000000,0.02479323
LY6G6D (58530),LY6G6D,Ovary/Fallopian Tube,0.36406714,0.00000000,1.15712691,0.00000000,0.11554602,0.07927962,0.00000000,-0.24611606
PPP1R13B (23368),PPP1R13B,Ovary/Fallopian Tube,2.97096244,2.92891600,0.95266592,2.29788400,3.69896300,3.10630334,2.95418880,0.14206543
FFAR4 (338557),FFAR4,Ovary/Fallopian Tube,0.33090152,0.02833858,0.72049140,0.00000000,0.23767017,0.25468623,0.03483391,-0.10578238
CRYAB (1410),CRYAB,Ovary/Fallopian Tube,2.77946188,1.35958860,3.02974870,0.46060207,4.70514300,4.77798451,4.81533300,0.65963313
SLC20A1 (6574),SLC20A1,Ovary/Fallopian Tube,6.16722969,6.13897400,1.08947529,5.36986800,6.80348540,5.78665977,5.61156795,-0.34931486
AMN (81693),AMN,Ovary/Fallopian Tube,1.05613597,0.44628057,1.37651887,0.11066391,1.45792000,0.90389527,0.64474600,-0.11059833
MSC (9242),MSC,Ovary/Fallopian Tube,1.60862260,0.42649233,2.02362558,0.04500394,3.12077830,0.71758316,0.21211473,-0.44031833
ZBED2 (79413),ZBED2,Ovary/Fallopian Tube,0.94683765,0.08000404,1.68042585,0.01719504,1.00006500,3.32038859,3.92601620,1.41246989
SMIM29 (221491),SMIM29,Ovary/Fallopian Tube,4.81238774,4.72694000,0.93981521,4.16924330,5.50571000,4.49271776,4.44945885,-0.34014131
HOXB8 (3218),HOXB8,Ovary/Fallopian Tube,1.76743230,1.14210630,1.83241578,0.21833357,2.80729940,2.15937010,1.97881640,0.21389130
ABLIM1 (3983),ABLIM1,Ovary/Fallopian Tube,4.07281215,4.32445760,1.74670754,2.95995740,5.37191440,4.61423607,4.98207700,0.30996827
STK33 (65975),STK33,Ovary/Fallopian Tube,1.57308443,1.16509510,1.53662845,0.09083040,2.93130680,2.12490719,2.30270110,0.35911268
ARHGEF40 (55701),ARHGEF40,Ovary/Fallopian Tube,3.31382349,3.48416400,1.40371965,2.33055260,4.37330000,3.20084648,3.31641650,-0.08048403
ZG16B (124220),ZG16B,Ovary/Fallopian Tube,1.52709329,0.62945080,1.87727372,0.13587236,2.41954700,0.99355598,0.52370332,-0.28420858
GYG2 (8908),GYG2,Ovary/Fallopian Tube,1.86969861,1.45154610,1.79646695,0.25027400,2.93835740,1.48379771,1.39110495,-0.21481102
LIFR (3977),LIFR,Ovary/Fallopian Tube,2.52362313,2.65774970,1.68370309,1.08818910,3.67300220,2.24789663,2.38703250,-0.16376195
EDA2R (60401),EDA2R,Ovary/Fallopian Tube,0.92379128,0.07957678,1.36836761,0.01384955,1.69069860,0.84241785,0.05181308,-0.05946752
IL24 (11009),IL24,Ovary/Fallopian Tube,0.82998000,0.12745896,1.65164900,0.02772026,0.66852040,0.32619453,0.07509950,-0.30501969
EGFLAM (133584),EGFLAM,Ovary/Fallopian Tube,0.95652778,0.11118626,1.69869009,0.01561603,0.77837850,0.89865453,0.06088156,-0.03406934
CACNA2D1 (781),CACNA2D1,Ovary/Fallopian Tube,2.16082831,2.17623330,1.84517369,0.18795520,3.58927200,1.54774186,1.58528950,-0.33226489
PDGFRA (5156),PDGFRA,Ovary/Fallopian Tube,1.17397493,0.25239265,1.91806948,0.05655301,1.26155480,0.54958627,0.17313176,-0.32552974
ALX4 (60529),ALX4,Ovary/Fallopian Tube,0.55035024,0.06938184,0.99319676,0.01259156,0.61425567,0.26059015,0.05852770,-0.29174489
FBXO34 (55030),FBXO34,Ovary/Fallopian Tube,4.08394603,4.03242730,0.63149958,3.63156990,4.48085300,4.09948579,4.11780335,0.02460772
MEGF10 (84466),MEGF10,Ovary/Fallopian Tube,0.48251050,0.10180066,0.90981753,0.01134106,0.38185260,0.09698408,0.03122130,-0.42374037
PLBD1 (79887),PLBD1,Ovary/Fallopian Tube,2.53850410,2.02325530,2.30559547,0.32315212,4.47331300,2.86107258,2.80406225,0.13990680
MPIG6B (80739),MPIG6B,Ovary/Fallopian Tube,0.23578608,0.11181656,0.33732712,0.01069249,0.31544915,0.17110380,0.09239401,-0.19174942
RHOJ (57381),RHOJ,Ovary/Fallopian Tube,1.16578934,0.11572978,1.74068101,0.00729598,2.03239370,0.44342892,0.10545714,-0.41498725
LPAR6 (10161),LPAR6,Ovary/Fallopian Tube,1.56882315,1.10301410,1.59580576,0.12971823,2.75121100,0.90277620,0.18228240,-0.41737345
PIEZO2 (63895),PIEZO2,Ovary/Fallopian Tube,1.09731113,0.19458888,1.57484099,0.03553383,1.78314650,0.44576293,0.09884084,-0.41372316
NES (10763),NES,Ovary/Fallopian Tube,2.62597634,2.06029990,2.24897654,0.60303736,4.42879250,2.27710593,2.36608015,-0.15512408
VSTM4 (196740),VSTM4,Ovary/Fallopian Tube,0.51524758,0.02806837,0.92543263,0.00351445,0.56939680,0.26171431,0.05404487,-0.27396188
SLC43A3 (29015),SLC43A3,Ovary/Fallopian Tube,3.77334737,4.15590300,2.68569259,0.64724725,6.20369430,3.27885147,3.78875565,-0.18412230
URAD (646625),URAD,Ovary/Fallopian Tube,0.10583533,0.00000000,0.48862585,0.00000000,0.00000000,0.00397945,0.00000000,-0.20845373
PXK (54899),PXK,Ovary/Fallopian Tube,3.32868676,3.21653560,1.05735577,2.56976820,4.01270300,3.35581437,3.42138340,0.02565609
TRIB2 (28951),TRIB2,Ovary/Fallopian Tube,3.88761409,3.88982400,2.17994665,2.27867170,5.66515700,3.06412554,3.23815015,-0.37775628
TMEM62 (80021),TMEM62,Ovary/Fallopian Tube,3.60602178,3.66047240,1.02127913,3.10931700,4.23906950,3.25318854,3.26444245,-0.34548169
AZGP1 (563),AZGP1,Ovary/Fallopian Tube,2.11882567,0.67035270,2.66655780,0.17978619,3.65260120,0.62202421,0.22690007,-0.56132346
SUSD3 (203328),SUSD3,Ovary/Fallopian Tube,0.92984259,0.28436488,1.34958671,0.06146654,1.28568040,1.59914418,1.22227335,0.49593078
PYM1 (84305),PYM1,Ovary/Fallopian Tube,4.82269038,4.81174850,0.58444721,4.42878600,5.26301570,4.94838772,4.92542735,0.21507047
CORO2B (10391),CORO2B,Ovary/Fallopian Tube,1.19606684,0.54131263,1.37545653,0.08299410,1.96595050,0.62975152,0.31715323,-0.41172898
GUCA2A (2980),GUCA2A,Ovary/Fallopian Tube,0.24556503,0.00000000,0.85097724,0.00000000,0.00000000,0.12130080,0.00000000,-0.14602533
BCL2L13 (23786),BCL2L13,Ovary/Fallopian Tube,5.30728528,5.27940460,0.77111664,4.76277900,5.79177240,4.86063589,4.93371485,-0.57922416
ADPRHL1 (113622),ADPRHL1,Ovary/Fallopian Tube,1.96312086,1.90662520,1.16962783,0.97177935,2.77836630,2.04100466,2.14168820,0.06658853
XG (7499),XG,Ovary/Fallopian Tube,0.55816368,0.05445121,1.25649780,0.00000000,0.32575250,0.34802272,0.01633442,-0.16724339
EPB41L3 (23136),EPB41L3,Ovary/Fallopian Tube,2.08505129,0.73136747,2.29290828,0.14065040,4.29145600,1.24168128,0.26970464,-0.36781672
IRX5 (10265),IRX5,Ovary/Fallopian Tube,1.71305520,1.45977780,1.27790127,0.78219130,2.40735270,1.08996546,0.79032705,-0.48758832
PROS1 (5627),PROS1,Ovary/Fallopian Tube,3.09462713,3.15819480,1.94304029,1.45495500,4.60446900,3.17679848,3.21838795,0.04229009
ALX1 (8092),ALX1,Ovary/Fallopian Tube,1.19328700,0.22591160,1.57943644,0.00000000,2.22236560,1.03555982,0.35182665,-0.09986295
RUBCNL (80183),RUBCNL,Ovary/Fallopian Tube,1.10978431,0.43089542,1.49291542,0.09936658,1.45252170,0.63608543,0.38156575,-0.31729786
RHOH (399),RHOH,Ovary/Fallopian Tube,0.55713060,0.09999265,1.26642682,0.02016151,0.32394415,0.17678041,0.06167460,-0.30033334
ABCB1 (5243),ABCB1,Ovary/Fallopian Tube,1.18226651,0.32060250,1.78122308,0.07518484,1.47133310,0.75971934,0.32415585,-0.23722304
INKA1 (389119),INKA1,Ovary/Fallopian Tube,1.21045397,0.97520316,1.03164174,0.38228430,1.79071370,0.55249945,0.46702617,-0.63777422
FCMR (9214),FCMR,Ovary/Fallopian Tube,1.68438530,1.31338510,1.53766907,0.45058048,2.57200200,0.80185257,0.48664701,-0.57394191
CCDC106 (29903),CCDC106,Ovary/Fallopian Tube,3.19521719,3.40623040,1.29904842,2.45587830,4.07424830,3.38998160,3.63536540,0.14992852
SNCA (6622),SNCA,Ovary/Fallopian Tube,2.56815304,1.79748200,2.58049631,0.18418634,4.51618530,2.51404304,2.25726405,-0.02096883
GFRA2 (2675),GFRA2,Ovary/Fallopian Tube,0.35645641,0.02416363,0.97619723,0.00000000,0.11635145,0.08002028,0.00986372,-0.28317651
CPEB1 (64506),CPEB1,Ovary/Fallopian Tube,1.46270582,0.99221810,1.46759501,0.06798834,2.77650400,1.11583403,1.00985845,-0.23635389
LYPLAL1 (127018),LYPLAL1,Skin,4.71051726,4.86752100,1.09258843,4.44985200,5.27467900,5.12532349,5.03549600,0.37965461
SOX17 (64321),SOX17,Skin,0.36648495,0.00000000,1.24090767,0.00000000,0.03106201,0.04922476,0.00000000,-0.25566785
HOXA9 (3205),HOXA9,Skin,1.88537353,0.84417510,2.13032865,0.16674887,3.29450150,0.65550061,0.28641750,-0.57731605
LGSN (51557),LGSN,Skin,0.40139557,0.02081295,0.90285804,0.00000000,0.16066982,0.08153670,0.00751272,-0.35427371
TMEM101 (84336),TMEM101,Skin,4.79333092,4.97467140,1.09750255,4.56881050,5.32815800,5.36180692,5.28000600,0.51797237
RANBP17 (64901),RANBP17,Skin,2.27760018,2.68102200,1.37180836,1.22634210,3.28352620,2.27705297,2.62368660,-0.00039890
ELOVL5 (60481),ELOVL5,Skin,6.35346724,6.67406500,1.54781237,6.12671700,7.19303230,6.76894944,6.82521340,0.26843189
LRRN4 (164312),LRRN4,Skin,0.40881245,0.06661966,0.91755133,0.01939876,0.31749856,0.07641367,0.01579727,-0.36226723
TFPT (29844),TFPT,Skin,4.28305255,4.30066540,0.80433224,3.74660300,4.80569000,5.10368376,5.21365070,1.02026395
INA (9118),INA,Skin,1.50446762,0.15926103,2.11988863,0.02103761,2.93104200,0.50818608,0.04334870,-0.46996881
CCL28 (56477),CCL28,Skin,2.04631124,1.97959000,1.73652083,0.21946532,3.49595100,3.71982093,3.82414670,0.96371414
PAX8 (7849),PAX8,Skin,1.83889306,1.42740770,1.80849891,0.40858904,2.55489090,1.03232654,1.02794670,-0.44598673
GRIN2B (2904),GRIN2B,Skin,0.16501718,0.00539568,0.37385967,0.00075145,0.09275545,0.16534937,0.02242747,0.00088855
FOXG1 (2290),FOXG1,Skin,1.21060278,0.05898002,1.89434834,0.00725866,2.13046960,0.35498717,0.04680813,-0.45166751
FOXA1 (3169),FOXA1,Skin,2.56728848,2.10744700,2.27271226,0.33617026,4.43600850,0.60630946,0.28259045,-0.86283647
ALPL (249),ALPL,Skin,0.94167941,0.26752620,1.53626373,0.08171321,1.07423830,0.39352305,0.20834370,-0.35681136
HOXC10 (3226),HOXC10,Skin,2.99456466,3.33762400,2.15559145,0.65459040,4.97774200,3.70424441,3.88756420,0.32922739
KLHL14 (57565),KLHL14,Skin,0.50504073,0.02260644,1.16595634,0.00000000,0.19158918,0.34442771,0.04856822,-0.13775217
KCNJ16 (3773),KCNJ16,Skin,0.24340308,0.01850314,0.81471680,0.00000000,0.06330689,0.03055758,0.00807090,-0.26125090
RAPGEF3 (10411),RAPGEF3,Skin,1.67323597,1.27217260,1.44649935,0.62440790,2.20550510,1.35912073,0.96072670,-0.21715546
MARVELD1 (83742),MARVELD1,Skin,4.28904992,4.43210400,1.28343877,3.60456940,5.18298240,5.36792511,5.44948200,0.84061289
FEZ1 (9638),FEZ1,Skin,2.45908386,1.78678870,2.23173923,0.41256260,4.20273900,3.93780202,4.09013370,0.66258554
CALML5 (51806),CALML5,Skin,0.57379355,0.00000000,1.74029013,0.00000000,0.09948777,0.30882734,0.00000000,-0.15225404
CLDN16 (10686),CLDN16,Skin,0.66574274,0.16066208,1.42892677,0.03506361,0.57728330,0.26459566,0.08407787,-0.28073313
SERPINA3 (12),SERPINA3,Skin,1.76471819,0.51336545,2.65401693,0.14868425,2.18882180,4.46978669,3.81117300,1.01923558
HOXD8 (3234),HOXD8,Skin,1.94622044,1.88650730,1.69670505,0.20149711,3.29872420,3.42295703,3.33953070,0.87035550
ZDHHC23 (254887),ZDHHC23,Skin,2.45856015,2.47266980,1.12530045,1.62752280,3.31451820,1.82031272,1.79264710,-0.56717957
TIMMDC1 (51300),TIMMDC1,Skin,6.25792600,6.24570470,0.60440761,5.85699800,6.59990260,6.92727615,6.99846650,1.10744822
TBX15 (6913),TBX15,Skin,0.77209435,0.15933597,1.18638661,0.05175770,0.99677414,0.42714636,0.09039278,-0.29075513
DYNC2H1 (79659),DYNC2H1,Skin,2.76060012,2.88158040,1.25443514,1.95151320,3.64093330,3.15505029,3.23423600,0.31444444
NTNG1 (22854),NTNG1,Skin,1.06795260,0.18602380,1.52955793,0.03138531,1.57261810,0.74968708,0.11302967,-0.20807680
IL1R2 (7850),IL1R2,Skin,0.92068455,0.27355290,1.38858001,0.07397374,1.09176750,0.33040349,0.21719225,-0.42509690
MGP (4256),MGP,Skin,2.17753303,0.70520560,2.81529979,0.22911535,3.43112830,3.50989325,2.76592520,0.47325696
TNF (7124),TNF,Skin,0.35391599,0.06979702,0.80389037,0.02145699,0.27337742,0.14014374,0.03896427,-0.26592215
ZNF331 (55422),ZNF331,Skin,2.88950977,3.15185070,1.46901431,2.32947090,3.80884840,2.74513812,2.91873740,-0.09827790
DNAH14 (127602),DNAH14,Skin,3.33866744,3.76368780,1.54846964,2.94320490,4.36954300,3.81668070,3.83255580,0.30870044
CYP4B1 (1580),CYP4B1,Skin,0.56166836,0.04347190,1.14963368,0.00000000,0.54532490,0.07065611,0.00000000,-0.42710322
DCAF12L1 (139170),DCAF12L1,Skin,0.14193338,0.00000000,0.59184034,0.00000000,0.00865468,0.03124738,0.00000000,-0.18702003
LRRC17 (10234),LRRC17,Skin,1.49946286,0.55962000,1.97366574,0.22482687,1.98131930,1.56041938,0.49087712,0.03088493
SHANK1 (50944),SHANK1,Skin,0.77465129,0.15556403,1.26535870,0.01595708,0.98850584,1.00502210,0.70853335,0.18205968
MARCHF6 (10299),MARCHF6,Skin,6.69796290,6.65928200,0.79360480,6.14840300,7.18656000,6.24846048,6.25534400,-0.56640586
ALDH2 (217),ALDH2,Skin,3.86686934,4.21095750,2.21671839,2.24720140,5.52498800,1.50877473,0.29381660,-1.06377725
CDH4 (1002),CDH4,Skin,0.71195112,0.14999938,1.16273009,0.03258190,0.77052546,0.38165395,0.08520028,-0.28407037
IFFO1 (25900),IFFO1,Skin,1.67413889,0.61588990,1.76602962,0.19542949,3.40564400,3.67309812,3.86555270,1.13189450
CBR3 (874),CBR3,Skin,3.32129026,3.52358700,1.58814080,2.16099430,4.49994800,4.70814470,4.78733830,0.87325660
SYCP2 (10388),SYCP2,Skin,1.78780029,1.19942430,1.68058893,0.47392610,2.59054680,1.92474927,1.72229990,0.08148868
SHANK2 (22941),SHANK2,Skin,1.46431524,1.19540430,1.42342200,0.09694862,2.56966610,0.29754991,0.02718945,-0.81969038
CPAMD8 (27151),CPAMD8,Skin,0.70949244,0.26911455,1.03299211,0.08746827,0.80575967,0.32166838,0.17961042,-0.37543758
TRPV1 (7442),TRPV1,Skin,1.55601876,1.52615390,0.75287791,0.99249870,2.05755780,0.98936696,0.95392150,-0.75264764
TCEAL7 (56849),TCEAL7,Skin,0.76114671,0.04796269,1.72510131,0.00000000,0.25756827,0.45104720,0.00000000,-0.17975728
SSC5D (284297),SSC5D,Skin,0.84106399,0.26663545,1.20884005,0.07493147,1.06662650,1.11013213,0.52969706,0.22258374
PLAAT2 (54979),PLAAT2,Skin,0.72571059,0.18635476,1.13303484,0.00000000,1.01128800,0.20968757,0.05434978,-0.45543437
LDHB (3945),LDHB,Skin,9.47942335,9.95865800,2.04976819,9.30967400,10.56613900,10.28582881,10.38273200,0.39341300
SYT8 (90019),SYT8,Skin,0.91804557,0.28215864,1.37679917,0.03842775,1.24946360,0.24421605,0.08292463,-0.48941743
TRPS1 (7227),TRPS1,Skin,2.36546429,2.28803970,1.63047536,1.14920080,3.27327420,2.09650749,2.08064060,-0.16495606
APOBEC3G (60489),APOBEC3G,Skin,1.81170537,1.11798080,1.76015360,0.23641670,3.28593040,3.32827222,3.69213700,0.86161051
SEMA3F (6405),SEMA3F,Skin,2.63498404,2.39279000,1.75229642,1.14343260,3.97395100,1.13722286,0.64274590,-0.85474190
TOP6BL (79703),TOP6BL,Skin,3.72731574,3.68312380,0.91649827,3.10622260,4.31933600,3.04678631,2.99528740,-0.74253214
CRIPTO (6997),CRIPTO,Skin,0.38529459,0.00000000,1.20582723,0.00000000,0.03991605,0.02653151,0.00000000,-0.29752445
LY6G6D (58530),LY6G6D,Skin,0.36406714,0.00000000,1.15712691,0.00000000,0.11554602,0.03406534,0.00000000,-0.28519067
PPP1R13B (23368),PPP1R13B,Skin,2.97096244,2.92891600,0.95266592,2.29788400,3.69896300,2.23207569,2.26842240,-0.77559901
FFAR4 (338557),FFAR4,Skin,0.33090152,0.02833858,0.72049140,0.00000000,0.23767017,0.01433223,0.00000000,-0.43937969
CRYAB (1410),CRYAB,Skin,2.77946188,1.35958860,3.02974870,0.46060207,4.70514300,5.17480553,5.66664900,0.79060803
SLC20A1 (6574),SLC20A1,Skin,6.16722969,6.13897400,1.08947529,5.36986800,6.80348540,6.97005968,6.93885040,0.73689600
AMN (81693),AMN,Skin,1.05613597,0.44628057,1.37651887,0.11066391,1.45792000,0.17324162,0.07317173,-0.64139647
MSC (9242),MSC,Skin,1.60862260,0.42649233,2.02362558,0.04500394,3.12077830,3.38373670,3.33730440,0.87719493
ZBED2 (79413),ZBED2,Skin,0.94683765,0.08000404,1.68042585,0.01719504,1.00006500,0.19876176,0.02091533,-0.44517042
SMIM29 (221491),SMIM29,Skin,4.81238774,4.72694000,0.93981521,4.16924330,5.50571000,5.80675457,5.86986160,1.05804503
HOXB8 (3218),HOXB8,Skin,1.76743230,1.14210630,1.83241578,0.21833357,2.80729940,1.72750926,1.50602300,-0.02178711
ABLIM1 (3983),ABLIM1,Skin,4.07281215,4.32445760,1.74670754,2.95995740,5.37191440,2.58974949,2.10195600,-0.84906180
STK33 (65975),STK33,Skin,1.57308443,1.16509510,1.53662845,0.09083040,2.93130680,0.45479840,0.12135232,-0.72775303
ARHGEF40 (55701),ARHGEF40,Skin,3.31382349,3.48416400,1.40371965,2.33055260,4.37330000,4.22347443,4.34624770,0.64802892
ZG16B (124220),ZG16B,Skin,1.52709329,0.62945080,1.87727372,0.13587236,2.41954700,0.48175641,0.11104734,-0.55683775
GYG2 (8908),GYG2,Skin,1.86969861,1.45154610,1.79646695,0.25027400,2.93835740,3.19320907,3.40288450,0.73672964
LIFR (3977),LIFR,Skin,2.52362313,2.65774970,1.68370309,1.08818910,3.67300220,2.19354226,1.99781630,-0.19604458
EDA2R (60401),EDA2R,Skin,0.92379128,0.07957678,1.36836761,0.01384955,1.69069860,2.30567849,2.42872670,1.00988009
IL24 (11009),IL24,Skin,0.82998000,0.12745896,1.65164900,0.02772026,0.66852040,2.63228028,1.67577980,1.09121264
EGFLAM (133584),EGFLAM,Skin,0.95652778,0.11118626,1.69869009,0.01561603,0.77837850,0.77328502,0.18642070,-0.10787298
CACNA2D1 (781),CACNA2D1,Skin,2.16082831,2.17623330,1.84517369,0.18795520,3.58927200,2.03395356,2.15364000,-0.06876033
PDGFRA (5156),PDGFRA,Skin,1.17397493,0.25239265,1.91806948,0.05655301,1.26155480,0.96041141,0.57971984,-0.11134295
ALX4 (60529),ALX4,Skin,0.55035024,0.06938184,0.99319676,0.01259156,0.61425567,0.33464072,0.08206215,-0.21718709
FBXO34 (55030),FBXO34,Skin,4.08394603,4.03242730,0.63149958,3.63156990,4.48085300,3.58344378,3.58508280,-0.79256148
MEGF10 (84466),MEGF10,Skin,0.48251050,0.10180066,0.90981753,0.01134106,0.38185260,1.61470641,1.23140790,1.24442084
PLBD1 (79887),PLBD1,Skin,2.53850410,2.02325530,2.30559547,0.32315212,4.47331300,1.10592177,0.42441370,-0.62135025
MPIG6B (80739),MPIG6B,Skin,0.23578608,0.11181656,0.33732712,0.01069249,0.31544915,0.06159775,0.00000000,-0.51637809
RHOJ (57381),RHOJ,Skin,1.16578934,0.11572978,1.74068101,0.00729598,2.03239370,3.30862982,3.73082470,1.23103571
LPAR6 (10161),LPAR6,Skin,1.56882315,1.10301410,1.59580576,0.12971823,2.75121100,3.23889999,3.32052520,1.04654142
PIEZO2 (63895),PIEZO2,Skin,1.09731113,0.19458888,1.57484099,0.03553383,1.78314650,2.53145520,2.82375550,0.91065960
NES (10763),NES,Skin,2.62597634,2.06029990,2.24897654,0.60303736,4.42879250,4.99264339,5.48184440,1.05233070
VSTM4 (196740),VSTM4,Skin,0.51524758,0.02806837,0.92543263,0.00351445,0.56939680,0.37280368,0.05924451,-0.15392141
SLC43A3 (29015),SLC43A3,Skin,3.77334737,4.15590300,2.68569259,0.64724725,6.20369430,6.65163830,6.97452930,1.07171273
URAD (646625),URAD,Skin,0.10583533,0.00000000,0.48862585,0.00000000,0.00000000,0.00160861,0.00000000,-0.21330579
PXK (54899),PXK,Skin,3.32868676,3.21653560,1.05735577,2.56976820,4.01270300,3.86235349,3.77660940,0.50471822
TRIB2 (28951),TRIB2,Skin,3.88761409,3.88982400,2.17994665,2.27867170,5.66515700,6.40193513,6.76347800,1.15338650
TMEM62 (80021),TMEM62,Skin,3.60602178,3.66047240,1.02127913,3.10931700,4.23906950,3.35787680,3.42815040,-0.24297469
AZGP1 (563),AZGP1,Skin,2.11882567,0.67035270,2.66655780,0.17978619,3.65260120,2.98220832,3.00309130,0.32378171
SUSD3 (203328),SUSD3,Skin,0.92984259,0.28436488,1.34958671,0.06146654,1.28568040,0.38816487,0.08838180,-0.40136562
PYM1 (84305),PYM1,Skin,4.82269038,4.81174850,0.58444721,4.42878600,5.26301570,4.35463157,4.32934600,-0.80085728
CORO2B (10391),CORO2B,Skin,1.19606684,0.54131263,1.37545653,0.08299410,1.96595050,2.00151979,1.71094860,0.58558953
GUCA2A (2980),GUCA2A,Skin,0.24556503,0.00000000,0.85097724,0.00000000,0.00000000,0.04883147,0.00000000,-0.23118546
BCL2L13 (23786),BCL2L13,Skin,5.30728528,5.27940460,0.77111664,4.76277900,5.79177240,6.12811757,6.13463800,1.06447228
ADPRHL1 (113622),ADPRHL1,Skin,1.96312086,1.90662520,1.16962783,0.97177935,2.77836630,1.03722124,0.59972720,-0.79161901
XG (7499),XG,Skin,0.55816368,0.05445121,1.25649780,0.00000000,0.32575250,0.40522240,0.10499947,-0.12172029
EPB41L3 (23136),EPB41L3,Skin,2.08505129,0.73136747,2.29290828,0.14065040,4.29145600,4.21784346,4.61616370,0.93016898
IRX5 (10265),IRX5,Skin,1.71305520,1.45977780,1.27790127,0.78219130,2.40735270,1.77952819,1.65651930,0.05201731
PROS1 (5627),PROS1,Skin,3.09462713,3.15819480,1.94304029,1.45495500,4.60446900,4.80006026,5.12080000,0.87771372
ALX1 (8092),ALX1,Skin,1.19328700,0.22591160,1.57943644,0.00000000,2.22236560,3.53745566,3.78842470,1.48418043
RUBCNL (80183),RUBCNL,Skin,1.10978431,0.43089542,1.49291542,0.09936658,1.45252170,1.73707337,1.46556710,0.42017723
RHOH (399),RHOH,Skin,0.55713060,0.09999265,1.26642682,0.02016151,0.32394415,0.11543807,0.02350235,-0.34877067
ABCB1 (5243),ABCB1,Skin,1.18226651,0.32060250,1.78122308,0.07518484,1.47133310,1.44887841,0.94642544,0.14967912
INKA1 (389119),INKA1,Skin,1.21045397,0.97520316,1.03164174,0.38228430,1.79071370,2.03672433,1.90137470,0.80092761
FCMR (9214),FCMR,Skin,1.68438530,1.31338510,1.53766907,0.45058048,2.57200200,3.94738836,4.22809500,1.47171007
CCDC106 (29903),CCDC106,Skin,3.19521719,3.40623040,1.29904842,2.45587830,4.07424830,3.43273002,3.47791050,0.18283601
SNCA (6622),SNCA,Skin,2.56815304,1.79748200,2.58049631,0.18418634,4.51618530,6.17279147,6.53068600,1.39687796
GFRA2 (2675),GFRA2,Skin,0.35645641,0.02416363,0.97619723,0.00000000,0.11635145,0.50922859,0.03115379,0.15649725
CPEB1 (64506),CPEB1,Skin,1.46270582,0.99221810,1.46759501,0.06798834,2.77650400,2.82341472,3.02967550,0.92716920
